Subject, RT, Choice, Correct, Accuracy, Slow, Congruent, Block, Points, FixTime, GapTime, StimTime
31,1.155594e+00, 1, 1, 1, 1, 0, 0, -1.500000e+00, 1.014878e-01, 4.014943e-01, 4.515124e-01
31,2.766296e-01, 2, 1, 0, 0, 0, 0, -1.500000e+00, 9.935710e-02, 3.993693e-01, 4.493403e-01
31,7.467231e-01, 2, 2, 1, 0, 1, 0, 1, 9.990102e-02, 3.999105e-01, 4.499283e-01
31,3.973973e-01, 1, 1, 1, 0, 1, 0, 1, 9.990495e-02, 3.999105e-01, 4.499274e-01
31,3.903151e-01, 1, 2, 0, 0, 0, 0, -1.500000e+00, 9.990948e-02, 4.002567e-01, 4.502730e-01
31,4.791978e-01, 2, 2, 1, 0, 0, 0, 1, 9.990525e-02, 3.999093e-01, 4.499265e-01
31,4.051490e-01, 2, 2, 1, 0, 1, 0, 1, 9.993242e-02, 3.999216e-01, 4.499358e-01
31,5.734694e-01, 1, 1, 1, 0, 1, 0, 1, 9.987990e-02, 4.002117e-01, 4.502274e-01
31,4.952059e-01, 2, 2, 1, 0, 0, 0, 1, 9.990978e-02, 3.999238e-01, 4.499386e-01
31,5.241081e-01, 2, 2, 1, 0, 0, 0, 1, 9.995717e-02, 4.002153e-01, 4.502190e-01
31,7.114957e-01, 2, 2, 1, 0, 0, 0, 1, 9.991219e-02, 3.999235e-01, 4.499370e-01
31,6.120617e-01, 2, 2, 1, 0, 1, 0, 1, 1.002098e-01, 4.002229e-01, 4.501825e-01
31,4.524065e-01, 2, 2, 1, 0, 1, 0, 1, 9.990948e-02, 4.002494e-01, 4.502522e-01
31,3.628751e-01, 2, 2, 1, 0, 0, 0, 1, 9.991370e-02, 3.999195e-01, 4.499325e-01
31,4.617480e-01, 1, 1, 1, 0, 0, 0, 1, 9.991944e-02, 3.999171e-01, 4.499214e-01
31,2.832865e-01, 2, 1, 0, 0, 0, 0, -1.500000e+00, 9.991340e-02, 4.002697e-01, 4.502972e-01
31,9.687791e-01, 1, 1, 1, 1, 1, 0, -1.500000e+00, 9.991008e-02, 3.999177e-01, 4.499301e-01
31,4.028972e-01, 1, 1, 1, 0, 1, 0, 1, 1.002309e-01, 4.002470e-01, 4.502473e-01
31,3.878448e-01, 2, 2, 1, 0, 0, 0, 1, 9.988925e-02, 3.999062e-01, 4.499367e-01
31,3.485313e-01, 2, 2, 1, 0, 1, 0, 1, 9.991219e-02, 4.002627e-01, 4.502793e-01
31,4.392966e-01, 1, 1, 1, 0, 0, 0, 1, 9.991461e-02, 3.999244e-01, 4.499636e-01
31,3.671622e-01, 2, 2, 1, 0, 0, 0, 1, 9.991008e-02, 3.999198e-01, 4.499322e-01
31,3.209145e-01, 1, 1, 1, 0, 1, 0, 1, 1.002318e-01, 4.002395e-01, 4.502455e-01
31,5.088086e-01, 1, 1, 1, 0, 0, 0, 1, 9.991672e-02, 3.999268e-01, 4.499416e-01
31,4.249782e-01, 1, 1, 1, 0, 0, 0, 1, 9.991340e-02, 4.002425e-01, 4.502576e-01
31,4.491474e-01, 1, 1, 1, 0, 0, 0, 1, 9.996290e-02, 3.999702e-01, 4.499835e-01
31,4.643997e-01, 1, 1, 1, 0, 0, 0, 1, 9.989438e-02, 3.999029e-01, 4.499156e-01
31,2.777371e-01, 1, 1, 1, 0, 1, 0, 1, 1.002469e-01, 4.002576e-01, 4.502848e-01
31,3.558834e-01, 2, 2, 1, 0, 1, 0, 1, 9.992517e-02, 3.999038e-01, 4.499241e-01
31,4.863392e-01, 2, 2, 1, 0, 0, 0, 1, 9.990917e-02, 3.999177e-01, 4.499337e-01
31,2.834999e-01, 1, 1, 1, 0, 1, 0, 1, 1.002140e-01, 4.002259e-01, 4.501933e-01
31,3.050506e-01, 1, 1, 1, 0, 1, 0, 1, 9.991400e-02, 3.999265e-01, 4.499398e-01
31,3.177632e-01, 1, 1, 1, 0, 1, 0, 1, 9.990555e-02, 3.999150e-01, 4.499298e-01
31,2.816867e-01, 2, 2, 1, 0, 1, 0, 1, 9.991431e-02, 4.002437e-01, 4.502661e-01
31,2.872634e-01, 1, 1, 1, 0, 1, 0, 1, 9.986239e-02, 3.999138e-01, 4.499265e-01
31,3.573763e-01, 2, 2, 1, 0, 0, 0, 1, 9.991219e-02, 3.999225e-01, 4.499410e-01
31,3.106396e-01, 1, 2, 0, 0, 0, 0, -1.500000e+00, 9.993362e-02, 4.002703e-01, 4.502784e-01
31,4.832060e-01, 1, 1, 1, 0, 0, 0, 1, 9.991793e-02, 3.999515e-01, 4.498960e-01
31,4.491190e-01, 2, 2, 1, 0, 0, 0, 1, 9.988472e-02, 3.999023e-01, 4.499198e-01
31,3.113761e-01, 2, 2, 1, 0, 0, 0, 1, 9.991521e-02, 4.002229e-01, 4.502489e-01
31,5.157267e-01, 2, 2, 1, 0, 1, 0, 1, 9.992185e-02, 3.999280e-01, 4.499416e-01
31,3.118292e-01, 1, 1, 1, 0, 1, 0, 1, 9.991340e-02, 4.002422e-01, 4.502582e-01
31,5.239288e-01, 2, 2, 1, 0, 1, 0, 1, 9.990465e-02, 3.999213e-01, 4.499398e-01
31,5.440650e-01, 2, 2, 1, 0, 1, 0, 1, 9.990042e-02, 3.999162e-01, 4.499295e-01
31,4.349470e-01, 1, 1, 1, 0, 0, 0, 1, 1.001760e-01, 4.002259e-01, 4.502507e-01
31,4.348335e-01, 2, 2, 1, 0, 1, 0, 1, 9.989046e-02, 3.999008e-01, 4.499141e-01
31,3.939058e-01, 1, 1, 1, 0, 1, 0, 1, 9.991068e-02, 4.002205e-01, 4.502350e-01
31,2.592589e-01, 2, 1, 0, 0, 0, 0, -1.500000e+00, 9.990374e-02, 3.999171e-01, 4.499214e-01
31,2.978404e-01, 1, 1, 1, 0, 1, 0, 1, 9.991702e-02, 3.999244e-01, 4.499437e-01
31,2.543385e-01, 1, 1, 1, 0, 1, 0, 1, 9.991189e-02, 4.002377e-01, 4.502534e-01
31,5.251017e-01, 1, 1, 1, 0, 0, 0, 1, 9.991793e-02, 3.999696e-01, 4.499549e-01
31,4.731509e-01, 1, 1, 1, 0, 0, 0, 1, 9.992215e-02, 3.999228e-01, 4.499370e-01
31,3.346699e-01, 2, 2, 1, 0, 1, 0, 1, 9.991340e-02, 4.002410e-01, 4.502531e-01
31,3.299095e-01, 2, 2, 1, 0, 1, 0, 1, 9.991431e-02, 3.999277e-01, 4.499002e-01
31,3.900476e-01, 1, 1, 1, 0, 0, 0, 1, 9.991793e-02, 3.999244e-01, 4.499416e-01
31,3.667454e-01, 2, 2, 1, 0, 1, 0, 1, 9.991853e-02, 4.002479e-01, 4.502144e-01
31,3.288672e-01, 1, 1, 1, 0, 1, 0, 1, 9.990917e-02, 3.999081e-01, 4.499220e-01
31,3.250271e-01, 2, 2, 1, 0, 1, 0, 1, 9.992729e-02, 3.999250e-01, 4.499386e-01
31,3.683557e-01, 2, 2, 1, 0, 0, 0, 1, 9.990434e-02, 4.002389e-01, 4.502667e-01
31,4.186298e-01, 2, 2, 1, 0, 0, 0, 1, 9.991280e-02, 3.999280e-01, 4.499428e-01
31,3.213826e-01, 2, 1, 0, 0, 0, 1, -1.500000e+00, 9.492267e-02, 3.949294e-01, 4.449508e-01
31,3.734032e-01, 2, 2, 1, 0, 1, 1, 1, 9.987265e-02, 4.001842e-01, 4.502003e-01
31,3.432532e-01, 2, 2, 1, 0, 1, 1, 1, 9.987507e-02, 3.999087e-01, 4.499374e-01
31,4.184816e-01, 2, 2, 1, 0, 0, 1, 1, 9.991793e-02, 3.999259e-01, 4.499437e-01
31,3.703760e-01, 1, 1, 1, 0, 0, 1, 1, 9.990736e-02, 4.002304e-01, 4.502419e-01
31,3.481196e-01, 2, 2, 1, 0, 1, 1, 1, 9.991581e-02, 3.999168e-01, 4.499325e-01
31,3.036247e-01, 1, 1, 1, 0, 1, 1, 1, 9.991370e-02, 3.999228e-01, 4.499367e-01
31,3.795198e-01, 1, 1, 1, 0, 0, 1, 1, 9.989076e-02, 4.002374e-01, 4.502138e-01
31,3.092429e-01, 2, 2, 1, 0, 1, 1, 1, 9.996351e-02, 3.999748e-01, 4.499893e-01
31,3.619961e-01, 1, 1, 1, 0, 1, 1, 1, 9.989589e-02, 3.999035e-01, 4.499313e-01
31,4.440471e-01, 1, 1, 1, 0, 0, 1, 1, 9.991400e-02, 4.002464e-01, 4.502652e-01
31,4.752161e-01, 1, 1, 1, 0, 0, 1, 1, 9.991551e-02, 3.999455e-01, 4.499380e-01
31,4.009875e-01, 1, 1, 1, 0, 0, 1, 1, 9.991491e-02, 3.999253e-01, 4.499407e-01
31,3.457531e-01, 1, 1, 1, 0, 1, 1, 1, 9.991280e-02, 4.002673e-01, 4.502932e-01
31,3.401521e-01, 1, 1, 1, 0, 1, 1, 1, 9.992336e-02, 3.999322e-01, 4.499467e-01
31,4.558979e-01, 1, 1, 1, 0, 1, 1, 1, 9.991189e-02, 3.999238e-01, 4.499337e-01
31,4.537907e-01, 1, 1, 1, 0, 0, 1, 1, 1.002159e-01, 4.002202e-01, 4.502383e-01
31,4.526126e-01, 2, 2, 1, 0, 0, 1, 1, 9.991944e-02, 3.999289e-01, 4.499461e-01
31,3.630631e-01, 2, 2, 1, 0, 1, 1, 1, 9.991219e-02, 4.002374e-01, 4.502534e-01
31,3.495021e-01, 1, 1, 1, 0, 0, 1, 1, 9.992336e-02, 3.999591e-01, 4.499431e-01
31,3.689153e-01, 2, 2, 1, 0, 1, 1, 1, 9.991793e-02, 3.999280e-01, 4.499434e-01
31,4.903655e-01, 2, 2, 1, 0, 0, 1, 1, 9.991672e-02, 4.002247e-01, 4.502371e-01
31,4.315570e-01, 2, 2, 1, 0, 0, 1, 1, 9.991310e-02, 3.999213e-01, 4.499413e-01
31,3.754440e-01, 1, 1, 1, 0, 1, 1, 1, 9.990706e-02, 4.002398e-01, 4.502516e-01
31,4.008800e-01, 2, 2, 1, 0, 1, 1, 1, 9.991582e-02, 3.999204e-01, 4.499367e-01
31,3.939571e-01, 1, 1, 1, 0, 0, 1, 1, 9.991491e-02, 3.999216e-01, 4.499588e-01
31,4.831985e-01, 2, 2, 1, 0, 0, 1, 1, 9.990706e-02, 4.002274e-01, 4.502413e-01
31,3.527647e-01, 2, 2, 1, 0, 1, 1, 1, 9.991370e-02, 3.999201e-01, 4.499367e-01
31,3.396966e-01, 1, 1, 1, 0, 1, 1, 1, 9.991642e-02, 3.999259e-01, 4.499313e-01
31,4.702574e-01, 1, 1, 1, 0, 0, 1, 1, 9.991340e-02, 4.002467e-01, 4.502585e-01
31,3.720434e-01, 1, 1, 1, 0, 1, 1, 1, 9.992246e-02, 3.999518e-01, 4.499416e-01
31,3.418886e-01, 1, 1, 1, 0, 1, 1, 1, 9.990827e-02, 4.001954e-01, 4.502603e-01
31,4.653020e-01, 1, 1, 1, 0, 0, 1, 1, 9.991099e-02, 3.999265e-01, 4.499358e-01
31,3.355948e-01, 1, 1, 1, 0, 1, 1, 1, 9.990555e-02, 3.999108e-01, 4.499168e-01
31,4.429004e-01, 2, 2, 1, 0, 0, 1, 1, 9.991310e-02, 4.002374e-01, 4.502498e-01
31,4.898258e-01, 2, 2, 1, 0, 0, 1, 1, 9.990736e-02, 3.999147e-01, 4.499283e-01
31,3.427983e-01, 1, 1, 1, 0, 1, 1, 1, 9.991732e-02, 4.002476e-01, 4.502646e-01
31,4.658154e-01, 1, 1, 1, 0, 0, 1, 1, 9.992517e-02, 3.999322e-01, 4.499470e-01
31,3.360623e-01, 2, 2, 1, 0, 1, 1, 1, 9.992276e-02, 3.999135e-01, 4.499458e-01
31,4.676075e-01, 2, 2, 1, 0, 0, 1, 1, 9.984367e-02, 4.001788e-01, 4.501870e-01
31,4.261434e-01, 2, 2, 1, 0, 0, 1, 1, 9.987295e-02, 3.999259e-01, 4.499431e-01
31,3.619294e-01, 1, 1, 1, 0, 1, 1, 1, 9.989137e-02, 3.998921e-01, 4.498857e-01
31,4.197641e-01, 2, 2, 1, 0, 0, 1, 1, 9.991219e-02, 4.002425e-01, 4.502603e-01
31,3.474616e-01, 1, 1, 1, 0, 1, 1, 1, 9.992366e-02, 3.999286e-01, 4.499461e-01
31,3.269991e-01, 2, 2, 1, 0, 1, 1, 1, 9.993091e-02, 3.999213e-01, 4.499488e-01
31,4.664387e-01, 1, 1, 1, 0, 0, 1, 1, 9.990284e-02, 4.002096e-01, 4.502473e-01
31,4.164324e-01, 2, 2, 1, 0, 0, 1, 1, 9.991129e-02, 3.999271e-01, 4.499431e-01
31,3.207388e-01, 1, 1, 1, 0, 1, 1, 1, 9.990857e-02, 4.002350e-01, 4.502528e-01
31,3.486958e-01, 2, 2, 1, 0, 1, 1, 1, 9.990917e-02, 3.999235e-01, 4.499440e-01
31,3.356425e-01, 2, 2, 1, 0, 1, 1, 1, 9.990978e-02, 3.999198e-01, 4.499334e-01
31,3.787896e-01, 1, 1, 1, 0, 1, 1, 1, 9.991853e-02, 4.002452e-01, 4.502570e-01
31,5.162866e-01, 2, 2, 1, 1, 0, 1, -1.500000e+00, 9.989197e-02, 3.998552e-01, 4.499144e-01
31,3.849298e-01, 2, 2, 1, 0, 1, 1, 1, 9.991129e-02, 3.999216e-01, 4.499374e-01
31,3.538203e-01, 1, 1, 1, 0, 0, 1, 1, 9.991280e-02, 4.002473e-01, 4.502606e-01
31,2.842844e-01, 2, 1, 0, 0, 0, 1, -1.500000e+00, 9.994238e-02, 3.999615e-01, 4.499537e-01
31,3.625322e-01, 2, 2, 1, 0, 1, 1, 1, 9.990646e-02, 3.999150e-01, 4.499274e-01
31,4.199139e-01, 1, 1, 1, 0, 0, 1, 1, 9.989619e-02, 4.002205e-01, 4.502416e-01
31,3.239082e-01, 2, 2, 1, 0, 1, 1, 1, 9.992095e-02, 3.999325e-01, 4.498963e-01
31,4.239794e-01, 1, 1, 1, 0, 0, 1, 1, 9.991219e-02, 3.999213e-01, 4.499358e-01
31,3.835567e-01, 1, 1, 1, 0, 0, 1, 1, 1.002291e-01, 4.002473e-01, 4.502498e-01
31,3.208248e-01, 2, 2, 1, 0, 1, 1, 1, 9.991672e-02, 3.999298e-01, 4.498951e-01
31,3.494290e-01, 1, 1, 1, 0, 1, 1, 1, 9.990646e-02, 3.999225e-01, 4.499503e-01
31,4.393742e-01, 2, 2, 1, 0, 0, 1, 1, 9.991461e-02, 4.002410e-01, 4.502630e-01
31,3.668045e-01, 1, 2, 0, 0, 0, 1, -1.500000e+00, 9.991793e-02, 3.999241e-01, 4.499401e-01
31,4.169872e-01, 2, 2, 1, 0, 0, 1, 1, 9.991219e-02, 4.002676e-01, 4.502742e-01
31,3.932297e-01, 2, 2, 1, 0, 0, 1, 1, 9.992095e-02, 3.999280e-01, 4.499455e-01
31,4.027536e-01, 1, 1, 1, 0, 1, 1, 1, 9.990676e-02, 3.999222e-01, 4.499322e-01
31,4.909867e-01, 2, 2, 1, 0, 0, 1, 1, 9.990163e-02, 4.002425e-01, 4.502570e-01
31,3.281663e-01, 1, 1, 1, 0, 1, 1, 1, 9.990706e-02, 3.999256e-01, 4.499383e-01
31,3.399746e-01, 2, 2, 1, 0, 1, 1, 1, 9.991008e-02, 3.999186e-01, 4.499319e-01
31,3.190505e-01, 1, 1, 1, 0, 1, 1, 1, 9.990525e-02, 4.002334e-01, 4.502461e-01
31,3.951896e-01, 2, 2, 1, 0, 0, 1, 1, 9.991159e-02, 3.999195e-01, 4.499340e-01
31,4.122690e-01, 1, 1, 1, 0, 0, 1, 1, 9.990525e-02, 3.999084e-01, 4.499271e-01
31,3.081536e-01, 2, 2, 1, 0, 1, 1, 1, 1.002005e-01, 4.002398e-01, 4.502564e-01
31,3.524091e-01, 1, 1, 1, 0, 0, 1, 1, 9.998433e-02, 3.999328e-01, 4.499476e-01
31,3.797130e-01, 1, 2, 0, 0, 0, 1, -1.500000e+00, 9.991340e-02, 3.999244e-01, 4.499413e-01
31,3.808422e-01, 2, 2, 1, 0, 0, 1, 1, 9.991431e-02, 4.002452e-01, 4.502594e-01
31,3.663216e-01, 2, 2, 1, 0, 1, 1, 1, 9.990072e-02, 3.999078e-01, 4.499168e-01
31,3.689042e-01, 2, 2, 1, 0, 1, 1, 1, 9.991370e-02, 3.999244e-01, 4.499358e-01
31,3.069060e-01, 1, 1, 1, 0, 1, 1, 1, 1.002312e-01, 4.002389e-01, 4.502576e-01
31,3.411014e-01, 2, 2, 1, 0, 1, 2, 1, 9.780228e-02, 3.977692e-01, 4.478335e-01
31,3.205184e-01, 1, 1, 1, 0, 1, 2, 1, 9.991159e-02, 3.999235e-01, 4.499419e-01
31,5.241467e-01, 1, 1, 1, 1, 0, 2, -1.500000e+00, 9.991400e-02, 3.999241e-01, 4.499389e-01
31,3.836874e-01, 2, 2, 1, 0, 0, 2, 1, 1.002349e-01, 4.002368e-01, 4.502679e-01
31,4.897796e-01, 1, 1, 1, 1, 0, 2, -1.500000e+00, 9.989076e-02, 3.999011e-01, 4.499174e-01
31,4.305111e-01, 1, 1, 1, 1, 0, 2, -1.500000e+00, 9.987416e-02, 4.001972e-01, 4.502132e-01
31,4.781117e-01, 2, 2, 1, 1, 0, 2, -1.500000e+00, 9.991944e-02, 3.999295e-01, 4.499434e-01
31,3.713192e-01, 2, 2, 1, 0, 0, 2, 1, 9.991159e-02, 4.002380e-01, 4.502561e-01
31,2.935397e-01, 1, 1, 1, 0, 1, 2, 1, 9.990495e-02, 3.999228e-01, 4.499361e-01
31,3.947395e-01, 2, 2, 1, 0, 0, 2, 1, 9.991551e-02, 3.999253e-01, 4.499398e-01
31,2.996662e-01, 1, 1, 1, 0, 1, 2, 1, 9.991008e-02, 4.002395e-01, 4.502552e-01
31,3.365860e-01, 1, 1, 1, 0, 1, 2, 1, 9.992034e-02, 3.999262e-01, 4.499443e-01
31,6.275841e-01, 1, 1, 1, 1, 0, 2, -1.500000e+00, 9.990465e-02, 3.999102e-01, 4.499256e-01
31,3.237117e-01, 1, 1, 1, 0, 1, 2, 1, 9.991521e-02, 4.002458e-01, 4.502715e-01
31,3.591222e-01, 2, 2, 1, 0, 0, 2, 1, 9.991189e-02, 3.999247e-01, 4.499352e-01
31,3.702543e-01, 2, 1, 0, 0, 0, 2, -1.500000e+00, 9.991581e-02, 3.999244e-01, 4.499410e-01
31,2.354806e-01, 1, 1, 1, 0, 1, 2, 1, 9.990887e-02, 4.002377e-01, 4.502573e-01
31,3.395290e-01, 1, 1, 1, 0, 1, 2, 1, 9.992336e-02, 3.999274e-01, 4.499570e-01
31,3.584971e-01, 1, 1, 1, 0, 1, 2, 1, 9.992547e-02, 3.999262e-01, 4.499204e-01
31,3.290151e-01, 2, 2, 1, 0, 1, 2, 1, 9.991310e-02, 4.002425e-01, 4.502600e-01
31,3.006774e-01, 1, 1, 1, 0, 1, 2, 1, 9.992064e-02, 3.999518e-01, 4.499383e-01
31,3.855371e-01, 2, 2, 1, 0, 1, 2, 1, 9.987084e-02, 3.998788e-01, 4.498972e-01
31,3.625162e-01, 2, 2, 1, 0, 1, 2, 1, 9.991068e-02, 4.002374e-01, 4.502492e-01
31,3.885788e-01, 2, 2, 1, 0, 0, 2, 1, 9.992547e-02, 3.999452e-01, 4.499322e-01
31,3.021707e-01, 1, 2, 0, 0, 0, 2, -1.500000e+00, 9.990827e-02, 3.999250e-01, 4.499364e-01
31,3.627199e-01, 1, 1, 1, 0, 1, 2, 1, 9.989529e-02, 4.002214e-01, 4.502338e-01
31,5.248274e-01, 1, 1, 1, 1, 0, 2, -1.500000e+00, 9.989710e-02, 3.999093e-01, 4.499241e-01
31,3.128929e-01, 1, 1, 1, 0, 1, 2, 1, 9.991672e-02, 3.999238e-01, 4.499389e-01
31,3.569314e-01, 2, 2, 1, 0, 1, 2, 1, 9.991189e-02, 4.002386e-01, 4.502564e-01
31,4.233658e-01, 2, 2, 1, 1, 0, 2, -1.500000e+00, 9.992215e-02, 3.999277e-01, 4.499434e-01
31,3.919115e-01, 1, 1, 1, 0, 0, 2, 1, 9.991944e-02, 3.999367e-01, 4.499398e-01
31,3.444102e-01, 1, 2, 0, 0, 0, 2, -1.500000e+00, 9.991461e-02, 4.002437e-01, 4.502552e-01
31,5.232577e-01, 1, 1, 1, 1, 0, 2, -1.500000e+00, 9.990465e-02, 3.999138e-01, 4.499262e-01
31,3.752928e-01, 2, 1, 0, 0, 0, 2, -1.500000e+00, 9.989770e-02, 4.002190e-01, 4.502344e-01
31,3.691764e-01, 1, 1, 1, 0, 1, 2, 1, 9.991159e-02, 3.999277e-01, 4.499310e-01
31,5.712094e-01, 1, 1, 1, 1, 0, 2, -1.500000e+00, 9.990374e-02, 3.999078e-01, 4.499244e-01
31,3.331214e-01, 2, 2, 1, 0, 1, 2, 1, 1.002288e-01, 4.002392e-01, 4.502570e-01
31,4.482111e-01, 2, 2, 1, 1, 0, 2, -1.500000e+00, 9.992034e-02, 3.999292e-01, 4.499500e-01
31,3.352353e-01, 1, 2, 0, 0, 0, 2, -1.500000e+00, 9.991521e-02, 4.002431e-01, 4.502597e-01
31,4.745336e-01, 2, 2, 1, 1, 0, 2, -1.500000e+00, 9.991491e-02, 3.999283e-01, 4.499488e-01
31,5.526766e-01, 1, 1, 1, 1, 0, 2, -1.500000e+00, 9.990495e-02, 3.999081e-01, 4.499198e-01
31,3.551795e-01, 2, 2, 1, 0, 1, 2, 1, 1.002234e-01, 4.002289e-01, 4.502470e-01
31,4.136152e-01, 2, 2, 1, 1, 0, 2, -1.500000e+00, 9.992064e-02, 3.999265e-01, 4.499407e-01
31,2.861963e-01, 1, 2, 0, 0, 0, 2, -1.500000e+00, 9.990314e-02, 4.002193e-01, 4.502350e-01
31,3.550974e-01, 2, 2, 1, 0, 1, 2, 1, 9.990706e-02, 3.999500e-01, 4.499419e-01
31,3.255831e-01, 1, 1, 1, 0, 1, 2, 1, 9.995324e-02, 3.999914e-01, 4.499709e-01
31,2.656258e-01, 1, 1, 1, 0, 1, 2, 1, 9.991551e-02, 3.999277e-01, 4.499428e-01
31,3.358353e-01, 2, 2, 1, 0, 1, 2, 1, 9.989921e-02, 4.002196e-01, 4.502371e-01
31,3.315926e-01, 2, 2, 1, 0, 1, 2, 1, 9.984247e-02, 3.999183e-01, 4.499301e-01
31,3.749701e-01, 1, 1, 1, 0, 0, 2, 1, 9.989106e-02, 3.999062e-01, 4.499509e-01
31,3.286952e-01, 1, 1, 1, 0, 1, 2, 1, 9.989619e-02, 4.002190e-01, 4.502425e-01
31,4.358438e-01, 1, 1, 1, 1, 1, 2, -1.500000e+00, 9.973954e-02, 3.997952e-01, 4.498079e-01
31,3.236679e-01, 2, 2, 1, 0, 1, 2, 1, 9.991008e-02, 3.999078e-01, 4.499223e-01
31,3.592137e-01, 2, 2, 1, 0, 1, 2, 1, 9.990767e-02, 4.002283e-01, 4.502407e-01
31,4.660146e-01, 1, 1, 1, 1, 0, 2, -1.500000e+00, 9.992366e-02, 3.999277e-01, 4.499458e-01
31,2.961407e-01, 2, 2, 1, 0, 1, 2, 1, 9.992064e-02, 3.999192e-01, 4.499274e-01
31,2.851411e-01, 2, 2, 1, 0, 1, 2, 1, 9.990857e-02, 4.002425e-01, 4.502552e-01
31,3.541900e-01, 2, 1, 0, 0, 0, 2, -1.500000e+00, 9.990344e-02, 3.999102e-01, 4.499325e-01
31,3.409809e-01, 1, 1, 1, 0, 1, 2, 1, 9.990646e-02, 3.999292e-01, 4.499364e-01
31,4.399049e-01, 2, 2, 1, 1, 0, 2, -1.500000e+00, 9.991672e-02, 4.002434e-01, 4.502603e-01
31,4.153732e-01, 2, 2, 1, 1, 1, 2, -1.500000e+00, 9.989408e-02, 3.999090e-01, 4.499214e-01
31,3.115318e-01, 1, 2, 0, 0, 0, 2, -1.500000e+00, 9.991068e-02, 3.999186e-01, 4.499343e-01
31,4.835021e-01, 2, 2, 1, 1, 0, 2, -1.500000e+00, 9.990797e-02, 4.002422e-01, 4.502685e-01
31,4.967641e-01, 2, 2, 1, 1, 0, 2, -1.500000e+00, 9.989106e-02, 3.998945e-01, 4.499117e-01
31,2.779562e-01, 2, 2, 1, 0, 1, 2, 1, 9.990948e-02, 4.002401e-01, 4.502576e-01
31,3.153985e-01, 2, 2, 1, 0, 1, 2, 1, 9.992034e-02, 3.999189e-01, 4.499443e-01
31,2.795741e-01, 2, 2, 1, 0, 1, 2, 1, 9.991219e-02, 3.999198e-01, 4.499413e-01
31,3.249996e-01, 1, 1, 1, 0, 1, 2, 1, 9.992276e-02, 3.999171e-01, 4.499334e-01
31,4.405134e-01, 2, 2, 1, 1, 0, 2, -1.500000e+00, 9.991612e-02, 4.002008e-01, 4.502564e-01
31,5.279171e-01, 1, 1, 1, 1, 0, 2, -1.500000e+00, 9.992004e-02, 3.999328e-01, 4.499425e-01
31,3.320266e-01, 1, 1, 1, 0, 1, 2, 1, 9.989529e-02, 4.002096e-01, 4.502298e-01
31,3.190318e-01, 1, 1, 1, 0, 1, 2, 1, 9.991491e-02, 3.999056e-01, 4.499370e-01
31,5.636050e-01, 1, 1, 1, 1, 0, 2, -1.500000e+00, 9.990887e-02, 3.999177e-01, 4.499337e-01
31,3.576984e-01, 1, 2, 0, 0, 0, 2, -1.500000e+00, 1.002243e-01, 4.002322e-01, 4.502540e-01
31,4.319349e-01, 1, 1, 1, 1, 0, 2, -1.500000e+00, 9.991551e-02, 3.999277e-01, 4.499401e-01
31,2.635959e-01, 2, 1, 0, 0, 0, 2, -1.500000e+00, 9.991521e-02, 4.002005e-01, 4.502624e-01
31,3.258789e-01, 2, 1, 0, 0, 0, 2, -1.500000e+00, 9.988925e-02, 3.998981e-01, 4.499117e-01
31,3.372878e-01, 2, 2, 1, 0, 1, 2, 1, 9.991521e-02, 3.999289e-01, 4.499458e-01
31,3.888587e-01, 2, 2, 1, 0, 1, 2, 1, 9.991159e-02, 3.999219e-01, 4.499407e-01
31,4.460813e-01, 2, 1, 0, 1, 0, 2, -1.500000e+00, 9.991038e-02, 4.002606e-01, 4.502582e-01
31,5.484816e-01, 2, 1, 0, 1, 0, 3, -1.500000e+00, 9.989619e-02, 3.998978e-01, 4.499138e-01
31,2.793009e-01, 1, 1, 1, 0, 1, 3, 1, 1.002071e-01, 4.002208e-01, 4.502341e-01
31,2.770990e-01, 1, 1, 1, 0, 1, 3, 1, 9.991521e-02, 3.999250e-01, 4.499422e-01
31,3.392701e-01, 1, 1, 1, 0, 0, 3, 1, 9.991249e-02, 3.999216e-01, 4.499310e-01
31,3.657040e-01, 2, 2, 1, 0, 1, 3, 1, 9.992457e-02, 4.002479e-01, 4.503132e-01
31,2.961847e-01, 2, 1, 0, 0, 0, 3, -1.500000e+00, 9.993423e-02, 3.999286e-01, 4.499440e-01
31,3.489871e-01, 1, 1, 1, 0, 1, 3, 1, 9.991702e-02, 3.999364e-01, 4.499328e-01
31,4.639618e-01, 1, 1, 1, 1, 0, 3, -1.500000e+00, 9.990555e-02, 4.002202e-01, 4.502528e-01
31,3.176138e-01, 1, 2, 0, 0, 0, 3, -1.500000e+00, 9.991642e-02, 3.999289e-01, 4.499461e-01
31,3.544110e-01, 1, 1, 1, 0, 1, 3, 1, 9.991280e-02, 3.999222e-01, 4.499392e-01
31,3.405771e-01, 2, 2, 1, 0, 1, 3, 1, 9.990525e-02, 4.002313e-01, 4.502935e-01
31,3.517049e-01, 2, 2, 1, 0, 1, 3, 1, 9.991702e-02, 3.999241e-01, 4.499425e-01
31,3.309004e-01, 1, 1, 1, 0, 1, 3, 1, 9.991219e-02, 3.999216e-01, 4.499364e-01
31,2.618482e-01, 2, 2, 1, 0, 1, 3, 1, 9.991370e-02, 4.002416e-01, 4.502594e-01
31,3.640508e-01, 2, 2, 1, 0, 1, 3, 1, 9.992125e-02, 3.999298e-01, 4.499370e-01
31,3.744289e-01, 2, 1, 0, 0, 0, 3, -1.500000e+00, 9.991551e-02, 3.999241e-01, 4.499386e-01
31,3.360035e-01, 1, 1, 1, 0, 1, 3, 1, 9.991461e-02, 4.002407e-01, 4.502537e-01
31,3.558079e-01, 1, 1, 1, 0, 1, 3, 1, 9.990767e-02, 3.998806e-01, 4.499316e-01
31,5.103523e-01, 2, 2, 1, 1, 0, 3, -1.500000e+00, 9.991431e-02, 3.999241e-01, 4.499401e-01
31,3.548613e-01, 2, 2, 1, 0, 1, 3, 1, 9.989680e-02, 4.002446e-01, 4.502609e-01
31,4.213171e-01, 2, 2, 1, 1, 0, 3, -1.500000e+00, 9.991642e-02, 3.999225e-01, 4.499443e-01
31,5.734014e-01, 2, 2, 1, 1, 0, 3, -1.500000e+00, 9.991280e-02, 3.999241e-01, 4.499367e-01
31,3.109541e-01, 2, 2, 1, 0, 1, 3, 1, 9.991612e-02, 3.999742e-01, 4.499606e-01
31,3.718915e-01, 2, 2, 1, 0, 1, 3, 1, 9.990344e-02, 3.999334e-01, 4.499340e-01
31,5.892719e-01, 2, 2, 1, 1, 0, 3, -1.500000e+00, 9.991340e-02, 4.002425e-01, 4.502570e-01
31,3.900648e-01, 2, 2, 1, 0, 1, 3, 1, 9.992517e-02, 3.999407e-01, 4.499180e-01
31,3.272369e-01, 2, 2, 1, 0, 1, 3, 1, 9.991521e-02, 4.002751e-01, 4.502712e-01
31,3.712770e-01, 1, 1, 1, 0, 1, 3, 1, 9.991763e-02, 3.999244e-01, 4.499277e-01
31,2.936293e-01, 1, 1, 1, 0, 1, 3, 1, 9.989680e-02, 3.999138e-01, 4.499277e-01
31,3.540826e-01, 2, 1, 0, 0, 0, 3, -1.500000e+00, 9.991189e-02, 4.002437e-01, 4.502618e-01
31,1.004734e+00, 2, 2, 1, 1, 1, 3, -1.500000e+00, 9.991823e-02, 3.999464e-01, 4.499567e-01
31,4.295072e-01, 2, 2, 1, 1, 0, 3, -1.500000e+00, 9.991461e-02, 3.999235e-01, 4.499395e-01
31,3.007746e-01, 2, 1, 0, 0, 0, 3, -1.500000e+00, 9.992034e-02, 3.999289e-01, 4.499419e-01
31,3.775297e-01, 2, 2, 1, 0, 0, 3, 1, 9.990857e-02, 4.002196e-01, 4.502332e-01
31,3.393241e-01, 2, 1, 0, 0, 0, 3, -1.500000e+00, 9.989801e-02, 3.999177e-01, 4.499301e-01
31,5.185293e-01, 1, 1, 1, 1, 0, 3, -1.500000e+00, 9.991431e-02, 3.999250e-01, 4.499380e-01
31,3.068487e-01, 1, 1, 1, 0, 1, 3, 1, 9.990978e-02, 4.002383e-01, 4.502347e-01
31,2.949982e-01, 1, 1, 1, 0, 1, 3, 1, 9.991280e-02, 3.998854e-01, 4.499346e-01
31,4.280966e-01, 2, 2, 1, 1, 0, 3, -1.500000e+00, 9.996079e-02, 3.999313e-01, 4.499567e-01
31,4.194360e-01, 2, 2, 1, 0, 0, 3, 1, 9.991461e-02, 4.002476e-01, 4.502627e-01
31,3.153351e-01, 2, 2, 1, 0, 1, 3, 1, 9.990102e-02, 3.999096e-01, 4.499274e-01
31,3.836044e-01, 1, 1, 1, 0, 0, 3, 1, 9.990676e-02, 3.999165e-01, 4.499340e-01
31,3.049102e-01, 2, 2, 1, 0, 1, 3, 1, 9.990525e-02, 4.002347e-01, 4.502495e-01
31,4.777818e-01, 1, 1, 1, 1, 0, 3, -1.500000e+00, 9.991612e-02, 3.999376e-01, 4.499307e-01
31,2.994420e-01, 1, 1, 1, 0, 1, 3, 1, 9.990434e-02, 3.999126e-01, 4.499262e-01
31,2.559812e-01, 1, 1, 1, 0, 1, 3, 1, 9.991159e-02, 4.002422e-01, 4.502640e-01
31,4.144580e-01, 2, 2, 1, 0, 0, 3, 1, 9.990827e-02, 3.999591e-01, 4.499485e-01
31,3.672525e-01, 2, 2, 1, 0, 1, 3, 1, 9.991038e-02, 3.999198e-01, 4.499404e-01
31,3.051001e-01, 2, 2, 1, 0, 1, 3, 1, 9.991672e-02, 4.002434e-01, 4.502588e-01
31,3.015504e-01, 1, 1, 1, 0, 1, 3, 1, 9.990646e-02, 3.999207e-01, 4.499349e-01
31,4.504058e-01, 2, 2, 1, 1, 0, 3, -1.500000e+00, 9.992034e-02, 3.999156e-01, 4.499310e-01
31,4.891714e-01, 1, 1, 1, 1, 0, 3, -1.500000e+00, 9.991068e-02, 4.002365e-01, 4.502534e-01
31,3.341036e-01, 2, 2, 1, 0, 1, 3, 1, 9.990555e-02, 3.999093e-01, 4.499204e-01
31,3.378535e-01, 1, 1, 1, 0, 1, 3, 1, 9.992668e-02, 3.999159e-01, 4.499283e-01
31,3.965971e-01, 2, 2, 1, 0, 0, 3, 1, 9.990948e-02, 4.002410e-01, 4.502643e-01
31,5.015483e-01, 1, 1, 1, 1, 0, 3, -1.500000e+00, 9.991823e-02, 3.999331e-01, 4.499449e-01
31,3.702537e-01, 1, 2, 0, 0, 0, 3, -1.500000e+00, 9.989076e-02, 4.002165e-01, 4.502365e-01
31,2.925559e-01, 2, 1, 0, 0, 0, 3, -1.500000e+00, 9.991340e-02, 3.999277e-01, 4.499509e-01
31,3.536389e-01, 1, 1, 1, 0, 1, 3, 1, 9.991461e-02, 3.999231e-01, 4.499407e-01
31,4.522235e-01, 1, 1, 1, 1, 0, 3, -1.500000e+00, 9.991521e-02, 4.002407e-01, 4.502567e-01
31,2.828926e-01, 1, 1, 1, 0, 1, 3, 1, 9.991883e-02, 3.999250e-01, 4.499395e-01
31,4.965156e-01, 1, 1, 1, 1, 0, 3, -1.500000e+00, 9.991521e-02, 3.999189e-01, 4.499355e-01
31,2.373017e-01, 1, 1, 1, 0, 0, 3, 1, 9.991189e-02, 4.002353e-01, 4.502513e-01
31,3.724638e-01, 2, 2, 1, 0, 1, 3, 1, 9.995717e-02, 3.999727e-01, 4.499986e-01
31,3.183430e-01, 2, 2, 1, 0, 1, 3, 1, 9.992970e-02, 3.999250e-01, 4.499398e-01
31,2.661803e-01, 1, 2, 0, 0, 0, 3, -1.500000e+00, 9.990917e-02, 4.001954e-01, 4.502111e-01
31,3.205930e-01, 2, 1, 0, 0, 0, 3, -1.500000e+00, 9.993061e-02, 3.999271e-01, 4.499449e-01
31,3.243486e-01, 2, 2, 1, 0, 1, 3, 1, 9.991159e-02, 3.999295e-01, 4.498924e-01
31,3.843370e-01, 1, 1, 1, 0, 0, 3, 1, 9.990948e-02, 3.999186e-01, 4.499343e-01
31,5.058318e-01, 1, 2, 0, 1, 0, 3, -1.500000e+00, 9.991763e-02, 4.002603e-01, 4.502763e-01
31,4.782385e-01, 2, 2, 1, 1, 0, 3, -1.500000e+00, 9.993181e-02, 3.999280e-01, 4.499479e-01
31,3.554370e-01, 1, 2, 0, 0, 0, 3, -1.500000e+00, 9.990676e-02, 4.002341e-01, 4.502621e-01
31,4.542836e-01, 2, 2, 1, 1, 0, 3, -1.500000e+00, 9.991582e-02, 3.999283e-01, 4.499401e-01
31,2.368245e-01, 2, 2, 1, 0, 0, 3, 1, 9.990646e-02, 3.999165e-01, 4.499307e-01
31,3.956239e-01, 1, 1, 1, 0, 1, 3, 1, 9.992215e-02, 4.002407e-01, 4.502661e-01
31,3.404376e-01, 1, 1, 1, 0, 1, 3, 1, 9.992095e-02, 3.999295e-01, 4.499419e-01
31,3.443894e-01, 1, 2, 0, 0, 0, 3, -1.500000e+00, 9.990193e-02, 3.999011e-01, 4.499370e-01
31,2.991112e-01, 1, 1, 1, 0, 1, 3, 1, 9.990525e-02, 4.002576e-01, 4.502594e-01
31,3.599233e-01, 2, 1, 0, 0, 0, 3, -1.500000e+00, 9.991219e-02, 3.998830e-01, 4.499585e-01
31,5.225140e-01, 2, 2, 1, 1, 1, 3, -1.500000e+00, 9.991732e-02, 3.999250e-01, 4.499413e-01
31,3.252450e-01, 2, 2, 1, 0, 1, 4, 1, 9.976791e-02, 3.997399e-01, 4.497825e-01
31,2.408321e-01, 1, 1, 1, 0, 1, 4, 1, 9.991099e-02, 4.002386e-01, 4.502546e-01
31,2.965877e-01, 2, 1, 0, 0, 0, 4, -1.500000e+00, 9.991763e-02, 3.998948e-01, 4.499322e-01
31,2.852950e-01, 1, 1, 1, 0, 1, 4, 1, 9.991340e-02, 3.999231e-01, 4.499407e-01
31,2.829424e-01, 1, 1, 1, 0, 1, 4, 1, 9.990344e-02, 3.999298e-01, 4.499370e-01
31,2.642913e-01, 1, 1, 1, 0, 1, 4, 1, 9.991219e-02, 4.002371e-01, 4.502537e-01
31,2.781346e-01, 1, 2, 0, 0, 0, 4, -1.500000e+00, 9.991974e-02, 3.999319e-01, 4.499337e-01
31,2.842180e-01, 1, 2, 0, 0, 0, 4, -1.500000e+00, 9.991581e-02, 3.999256e-01, 4.499407e-01
31,2.578107e-01, 1, 2, 0, 0, 0, 4, -1.500000e+00, 9.991491e-02, 3.999250e-01, 4.499298e-01
31,4.718276e-01, 2, 2, 1, 1, 0, 4, -1.500000e+00, 9.991551e-02, 4.001954e-01, 4.502670e-01
31,3.894297e-01, 2, 2, 1, 0, 0, 4, 1, 9.989438e-02, 3.999078e-01, 4.499223e-01
31,3.028190e-01, 2, 2, 1, 0, 1, 4, 1, 9.990917e-02, 4.002374e-01, 4.502537e-01
31,2.513481e-01, 2, 2, 1, 0, 1, 4, 1, 9.990163e-02, 3.999141e-01, 4.499425e-01
31,2.659500e-01, 2, 1, 0, 0, 0, 4, -1.500000e+00, 9.991763e-02, 3.999304e-01, 4.499449e-01
31,5.128305e-01, 1, 1, 1, 1, 0, 4, -1.500000e+00, 9.991461e-02, 3.999268e-01, 4.499606e-01
31,4.767649e-01, 1, 1, 1, 1, 0, 4, -1.500000e+00, 9.990495e-02, 4.002455e-01, 4.502600e-01
31,1.863198e-01, 1, 1, 1, 0, 1, 4, 1, 9.992095e-02, 3.999259e-01, 4.499413e-01
31,2.202217e-01, 1, 2, 0, 0, 1, 4, -1.500000e+00, 9.992215e-02, 3.999198e-01, 4.499367e-01
31,2.594889e-01, 1, 1, 1, 0, 1, 4, 1, 9.990857e-02, 4.002365e-01, 4.502507e-01
31,2.819717e-01, 1, 1, 1, 0, 1, 4, 1, 9.992215e-02, 3.999228e-01, 4.499377e-01
31,2.558290e-01, 1, 2, 0, 0, 1, 4, -1.500000e+00, 9.990646e-02, 3.998739e-01, 4.499518e-01
31,3.265747e-01, 1, 2, 0, 0, 0, 4, -1.500000e+00, 9.992004e-02, 3.999044e-01, 4.499123e-01
31,3.058589e-01, 2, 2, 1, 0, 1, 4, 1, 9.990978e-02, 4.002359e-01, 4.502486e-01
31,2.468337e-01, 2, 1, 0, 0, 0, 4, -1.500000e+00, 9.990072e-02, 3.999017e-01, 4.499280e-01
31,4.215426e-01, 1, 1, 1, 0, 1, 4, 1, 9.990676e-02, 3.999174e-01, 4.499331e-01
31,2.451171e-01, 1, 1, 1, 0, 1, 4, 1, 9.991008e-02, 4.002356e-01, 4.502522e-01
31,3.479934e-01, 2, 2, 1, 0, 1, 4, 1, 9.991461e-02, 3.999198e-01, 4.499377e-01
31,5.512311e-01, 1, 1, 1, 1, 0, 4, -1.500000e+00, 9.993393e-02, 3.999268e-01, 4.499452e-01
31,3.698052e-01, 2, 2, 1, 0, 1, 4, 1, 9.993181e-02, 4.002289e-01, 4.502425e-01
31,2.996961e-01, 1, 1, 1, 0, 1, 4, 1, 9.991551e-02, 3.998948e-01, 4.499280e-01
31,3.128639e-01, 1, 1, 1, 0, 1, 4, 1, 9.990585e-02, 3.999159e-01, 4.499334e-01
31,2.682736e-01, 1, 2, 0, 0, 0, 4, -1.500000e+00, 9.989801e-02, 3.999053e-01, 4.502428e-01
31,1.545673e-01, 2, 2, 1, 0, 1, 4, 1, 9.998464e-02, 3.998782e-01, 4.499437e-01
31,2.529760e-01, 2, 1, 0, 0, 0, 4, -1.500000e+00, 9.993091e-02, 3.999500e-01, 4.499419e-01
31,1.717575e-01, 1, 2, 0, 0, 0, 4, -1.500000e+00, 9.990948e-02, 3.999177e-01, 4.499440e-01
31,1.820906e-01, 1, 1, 1, 0, 0, 4, 1, 9.991400e-02, 3.999262e-01, 4.499425e-01
31,2.151522e-01, 2, 2, 1, 0, 1, 4, 1, 9.989318e-02, 3.999065e-01, 4.499286e-01
31,2.229935e-01, 1, 2, 0, 0, 0, 4, -1.500000e+00, 9.991491e-02, 4.002784e-01, 4.502839e-01
31,3.669050e-01, 2, 2, 1, 0, 1, 4, 1, 9.992064e-02, 3.998887e-01, 4.499349e-01
31,4.014677e-01, 1, 1, 1, 0, 0, 4, 1, 9.992306e-02, 3.999228e-01, 4.499452e-01
31,2.741822e-01, 2, 2, 1, 0, 1, 4, 1, 9.991310e-02, 4.002434e-01, 4.502588e-01
31,3.037702e-01, 2, 2, 1, 0, 1, 4, 1, 9.989137e-02, 3.998993e-01, 4.499322e-01
31,5.484906e-01, 2, 2, 1, 1, 0, 4, -1.500000e+00, 9.990163e-02, 3.999180e-01, 4.499271e-01
31,3.591904e-01, 2, 1, 0, 0, 0, 4, -1.500000e+00, 9.991038e-02, 4.002392e-01, 4.502555e-01
31,3.698752e-01, 1, 1, 1, 0, 1, 4, 1, 9.987718e-02, 3.998893e-01, 4.499057e-01
31,2.518628e-01, 1, 1, 1, 0, 1, 4, 1, 9.990404e-02, 3.999225e-01, 4.499364e-01
31,2.665627e-01, 1, 1, 1, 0, 1, 4, 1, 9.991582e-02, 3.999256e-01, 4.499416e-01
31,2.324764e-01, 1, 1, 1, 0, 0, 4, 1, 9.991974e-02, 4.002455e-01, 4.502588e-01
31,2.562552e-01, 2, 1, 0, 0, 0, 4, -1.500000e+00, 9.992246e-02, 3.999419e-01, 4.499440e-01
31,3.510584e-01, 2, 2, 1, 0, 1, 4, 1, 9.991249e-02, 3.999225e-01, 4.499374e-01
31,2.899166e-01, 1, 2, 0, 0, 0, 4, -1.500000e+00, 9.990857e-02, 3.999189e-01, 4.499328e-01
31,4.946049e-01, 1, 1, 1, 1, 0, 4, -1.500000e+00, 9.990827e-02, 4.002310e-01, 4.502480e-01
31,3.235209e-01, 1, 2, 0, 0, 0, 4, -1.500000e+00, 9.991853e-02, 3.999222e-01, 4.499352e-01
31,2.553026e-01, 2, 2, 1, 0, 1, 4, 1, 9.991672e-02, 4.002446e-01, 4.502600e-01
31,2.860665e-01, 2, 1, 0, 0, 0, 4, -1.500000e+00, 9.990585e-02, 3.998930e-01, 4.499120e-01
31,3.469098e-01, 2, 2, 1, 0, 0, 4, 1, 9.991642e-02, 3.999268e-01, 4.499413e-01
31,3.341236e-01, 2, 2, 1, 0, 1, 4, 1, 9.991491e-02, 3.999277e-01, 4.499428e-01
31,4.329195e-01, 1, 1, 1, 1, 0, 4, -1.500000e+00, 9.991944e-02, 4.002253e-01, 4.502428e-01
31,2.726018e-01, 2, 2, 1, 0, 1, 4, 1, 9.991763e-02, 3.999177e-01, 4.499337e-01
31,4.387950e-01, 1, 1, 1, 1, 0, 4, -1.500000e+00, 9.991461e-02, 3.999244e-01, 4.499404e-01
31,2.219392e-01, 2, 1, 0, 0, 1, 4, -1.500000e+00, 9.990585e-02, 4.002350e-01, 4.502483e-01
31,1.813058e-01, 1, 1, 1, 0, 1, 4, 1, 9.992064e-02, 3.999265e-01, 4.499428e-01
31,2.636562e-01, 1, 2, 0, 0, 0, 4, -1.500000e+00, 9.991551e-02, 3.999268e-01, 4.499334e-01
31,3.093610e-01, 1, 1, 1, 0, 0, 4, 1, 9.991249e-02, 3.999195e-01, 4.499355e-01
31,3.136212e-01, 1, 1, 1, 0, 1, 4, 1, 9.989982e-02, 4.002262e-01, 4.502380e-01
31,3.179020e-01, 2, 2, 1, 0, 0, 4, 1, 9.992034e-02, 3.999352e-01, 4.499416e-01
31,3.305530e-01, 2, 2, 1, 0, 1, 4, 1, 9.992095e-02, 3.999135e-01, 4.499307e-01
31,5.818565e-01, 2, 2, 1, 1, 0, 4, -1.500000e+00, 9.991068e-02, 4.002401e-01, 4.502552e-01
31,4.629934e-01, 1, 1, 1, 1, 0, 4, -1.500000e+00, 9.992396e-02, 3.999241e-01, 4.499443e-01
31,3.173759e-01, 1, 2, 0, 0, 0, 4, -1.500000e+00, 9.989137e-02, 4.002165e-01, 4.502289e-01
31,2.732664e-01, 1, 1, 1, 0, 1, 4, 1, 9.989318e-02, 3.999093e-01, 4.499244e-01
31,3.591959e-01, 2, 1, 0, 0, 0, 4, -1.500000e+00, 9.997377e-02, 3.999241e-01, 4.499370e-01
31,3.543389e-01, 2, 2, 1, 0, 1, 4, 1, 9.991672e-02, 3.999262e-01, 4.499386e-01
31,3.082076e-01, 2, 2, 1, 0, 1, 4, 1, 9.991340e-02, 4.002651e-01, 4.502812e-01
31,3.449276e-01, 1, 2, 0, 0, 0, 4, -1.500000e+00, 9.993332e-02, 3.999274e-01, 4.499398e-01
31,5.958830e-01, 2, 2, 1, 1, 0, 4, -1.500000e+00, 9.990072e-02, 3.999093e-01, 4.499274e-01
31,6.042007e-01, 1, 1, 1, 1, 0, 4, -1.500000e+00, 1.002352e-01, 4.002579e-01, 4.502507e-01
31,3.490819e-01, 1, 1, 1, 0, 1, 4, 1, 9.991340e-02, 3.999228e-01, 4.499407e-01
31,3.595650e-01, 1, 2, 0, 0, 0, 4, -1.500000e+00, 1.002388e-01, 4.002404e-01, 4.502546e-01
31,3.140124e-01, 1, 1, 1, 0, 1, 4, 1, 9.992306e-02, 3.999271e-01, 4.499458e-01
31,3.428795e-01, 2, 2, 1, 0, 1, 5, 1, 9.603014e-02, 3.959970e-01, 4.460574e-01
31,2.742625e-01, 1, 1, 1, 0, 1, 5, 1, 9.991310e-02, 3.999231e-01, 4.499367e-01
31,2.157221e-01, 2, 2, 1, 0, 1, 5, 1, 9.991702e-02, 4.002434e-01, 4.502582e-01
31,2.881146e-01, 1, 2, 0, 0, 0, 5, -1.500000e+00, 9.991612e-02, 3.999201e-01, 4.499328e-01
31,4.293774e-01, 1, 1, 1, 1, 0, 5, -1.500000e+00, 9.991944e-02, 3.999241e-01, 4.499476e-01
31,2.927171e-01, 2, 2, 1, 0, 1, 5, 1, 9.990827e-02, 3.999183e-01, 4.499325e-01
31,2.018818e-01, 1, 1, 1, 0, 1, 5, 1, 9.991189e-02, 4.002416e-01, 4.502606e-01
31,3.148528e-01, 1, 2, 0, 0, 0, 5, -1.500000e+00, 9.985575e-02, 3.999087e-01, 4.499232e-01
31,4.315126e-01, 1, 1, 1, 1, 0, 5, -1.500000e+00, 9.991310e-02, 3.999210e-01, 4.499361e-01
31,2.942028e-01, 1, 1, 1, 0, 1, 5, 1, 9.991249e-02, 4.002510e-01, 4.502588e-01
31,3.869332e-01, 2, 1, 0, 1, 0, 5, -1.500000e+00, 9.991068e-02, 3.999150e-01, 4.500167e-01
31,3.488736e-01, 2, 2, 1, 0, 1, 5, 1, 9.989499e-02, 3.999120e-01, 4.499283e-01
31,3.113003e-01, 1, 2, 0, 0, 0, 5, -1.500000e+00, 9.987688e-02, 4.002271e-01, 4.502588e-01
31,2.751669e-01, 1, 2, 0, 0, 0, 5, -1.500000e+00, 9.992366e-02, 3.999295e-01, 4.499476e-01
31,2.016312e-01, 1, 1, 1, 0, 0, 5, 1, 9.991642e-02, 3.999256e-01, 4.499389e-01
31,3.302343e-01, 2, 2, 1, 0, 1, 5, 1, 9.991551e-02, 3.999244e-01, 4.499404e-01
31,3.895843e-01, 2, 2, 1, 1, 0, 5, -1.500000e+00, 9.991008e-02, 4.002250e-01, 4.502371e-01
31,3.267935e-01, 2, 1, 0, 0, 0, 5, -1.500000e+00, 9.991219e-02, 3.999235e-01, 4.499280e-01
31,2.831015e-01, 1, 1, 1, 0, 1, 5, 1, 9.991974e-02, 3.999319e-01, 4.499443e-01
31,4.242291e-01, 1, 1, 1, 1, 1, 5, -1.500000e+00, 9.991581e-02, 4.002334e-01, 4.502464e-01
31,3.280356e-01, 2, 2, 1, 0, 1, 5, 1, 9.991431e-02, 3.999322e-01, 4.499355e-01
31,4.838849e-01, 2, 2, 1, 1, 0, 5, -1.500000e+00, 9.992668e-02, 3.999228e-01, 4.499413e-01
31,2.970411e-01, 2, 2, 1, 0, 1, 5, 1, 9.989650e-02, 4.002223e-01, 4.502407e-01
31,3.494945e-01, 1, 1, 1, 0, 1, 5, 1, 9.991823e-02, 3.999328e-01, 4.499452e-01
31,2.570533e-01, 2, 2, 1, 0, 1, 5, 1, 9.991551e-02, 3.999231e-01, 4.499374e-01
31,3.271141e-01, 2, 1, 0, 0, 0, 5, -1.500000e+00, 9.991461e-02, 4.002567e-01, 4.502745e-01
31,3.231430e-01, 1, 1, 1, 0, 1, 5, 1, 9.992125e-02, 3.999213e-01, 4.499367e-01
31,2.309074e-01, 1, 1, 1, 0, 1, 5, 1, 9.990767e-02, 3.999310e-01, 4.499292e-01
31,3.267501e-01, 2, 2, 1, 0, 1, 5, 1, 9.990555e-02, 3.999262e-01, 4.499352e-01
31,2.820979e-01, 2, 2, 1, 0, 1, 5, 1, 9.991702e-02, 4.002464e-01, 4.502594e-01
31,3.358646e-01, 2, 2, 1, 0, 1, 5, 1, 9.992246e-02, 3.999292e-01, 4.499564e-01
31,2.748928e-01, 2, 2, 1, 0, 1, 5, 1, 9.990616e-02, 3.999144e-01, 4.499310e-01
31,2.567418e-01, 1, 1, 1, 0, 1, 5, 1, 9.991310e-02, 3.999228e-01, 4.499316e-01
31,2.472186e-01, 1, 1, 1, 0, 1, 5, 1, 9.991431e-02, 4.002431e-01, 4.502591e-01
31,2.700183e-01, 1, 1, 1, 0, 1, 5, 1, 9.991189e-02, 3.999536e-01, 4.499440e-01
31,2.681263e-01, 1, 1, 1, 0, 1, 5, 1, 9.990797e-02, 3.999186e-01, 4.499334e-01
31,2.983004e-01, 1, 2, 0, 0, 0, 5, -1.500000e+00, 9.988412e-02, 3.998942e-01, 4.499117e-01
31,4.149201e-01, 2, 2, 1, 1, 1, 5, -1.500000e+00, 9.991551e-02, 4.002425e-01, 4.502606e-01
31,2.150405e-01, 2, 1, 0, 0, 0, 5, -1.500000e+00, 9.997256e-02, 3.999271e-01, 4.499380e-01
31,3.033123e-01, 1, 2, 0, 0, 0, 5, -1.500000e+00, 9.991612e-02, 3.999259e-01, 4.499386e-01
31,4.355918e-01, 1, 1, 1, 1, 0, 5, -1.500000e+00, 9.989650e-02, 4.002241e-01, 4.502410e-01
31,2.671202e-01, 1, 2, 0, 0, 0, 5, -1.500000e+00, 9.991974e-02, 3.999651e-01, 4.499352e-01
31,1.460446e-01, 2, 2, 1, 0, 0, 5, 1, 9.985937e-02, 3.998546e-01, 4.499141e-01
31,2.445711e-01, 2, 2, 1, 0, 0, 5, 1, 9.989710e-02, 3.999081e-01, 4.499455e-01
31,2.194586e-01, 2, 2, 1, 0, 1, 5, 1, 9.988080e-02, 4.002102e-01, 4.502259e-01
31,3.232637e-01, 2, 2, 1, 0, 1, 5, 1, 9.994389e-02, 3.999651e-01, 4.499866e-01
31,2.315186e-01, 2, 1, 0, 0, 1, 5, -1.500000e+00, 9.994570e-02, 3.999835e-01, 4.499319e-01
31,2.951564e-01, 1, 1, 1, 0, 1, 5, 1, 9.991642e-02, 3.999053e-01, 4.499241e-01
31,2.202298e-01, 1, 2, 0, 0, 0, 5, -1.500000e+00, 9.991340e-02, 3.999225e-01, 4.499358e-01
31,4.997575e-01, 1, 1, 1, 1, 0, 5, -1.500000e+00, 9.991793e-02, 4.002428e-01, 4.502715e-01
31,2.160191e-01, 1, 1, 1, 0, 0, 5, 1, 9.991702e-02, 3.999235e-01, 4.499404e-01
31,3.047883e-01, 2, 1, 0, 0, 0, 5, -1.500000e+00, 9.990887e-02, 3.998990e-01, 4.499057e-01
31,1.172385e-01, 1, 2, 0, 0, 0, 5, -1.500000e+00, 9.990797e-02, 4.002368e-01, 4.502495e-01
31,1.693877e-01, 1, 1, 1, 0, 0, 5, 1, 9.991582e-02, 3.999337e-01, 4.499386e-01
31,3.793103e-01, 1, 1, 1, 1, 0, 5, -1.500000e+00, 9.996139e-02, 3.999769e-01, 4.499893e-01
31,2.054789e-01, 2, 2, 1, 0, 1, 5, 1, 9.991310e-02, 3.999219e-01, 4.499389e-01
31,1.097138e-01, 2, 2, 1, 0, 0, 5, 1, 9.991310e-02, 3.999210e-01, 4.499389e-01
31,2.979777e-01, 2, 1, 0, 0, 0, 5, -1.500000e+00, 9.991249e-02, 4.002407e-01, 4.502573e-01
31,3.070023e-02, 1, 1, 1, 0, 1, 5, 1, 9.986269e-02, 3.998703e-01, 4.498845e-01
31,4.626219e-01, 2, 2, 1, 1, 1, 5, -1.500000e+00, 9.993030e-02, 3.995821e-01, 4.495966e-01
31,2.365247e-01, 2, 1, 0, 0, 0, 5, -1.500000e+00, 9.991914e-02, 3.999253e-01, 4.499428e-01
31,1.718239e-01, 2, 1, 0, 0, 0, 5, -1.500000e+00, 9.991491e-02, 3.999265e-01, 4.499419e-01
31,1.656955e-01, 2, 1, 0, 0, 1, 5, -1.500000e+00, 9.991612e-02, 4.002404e-01, 4.502579e-01
31,2.799774e-01, 2, 1, 0, 0, 0, 5, -1.500000e+00, 9.991883e-02, 3.999259e-01, 4.499425e-01
31,2.133459e-01, 2, 2, 1, 0, 0, 5, 1, 9.991159e-02, 3.999500e-01, 4.499434e-01
31,3.815971e-01, 2, 1, 0, 1, 0, 5, -1.500000e+00, 9.990072e-02, 3.999168e-01, 4.499292e-01
31,1.351444e-01, 1, 2, 0, 0, 0, 5, -1.500000e+00, 9.991189e-02, 4.002449e-01, 4.502570e-01
31,2.022319e-01, 1, 1, 1, 0, 0, 5, 1, 9.991431e-02, 3.999210e-01, 4.499591e-01
31,2.434609e-01, 1, 1, 1, 0, 1, 5, 1, 9.990797e-02, 3.998927e-01, 4.499072e-01
31,2.103537e-01, 1, 1, 1, 0, 1, 5, 1, 9.987597e-02, 3.999304e-01, 4.499473e-01
31,2.431171e-01, 1, 2, 0, 0, 1, 5, -1.500000e+00, 9.991431e-02, 3.999235e-01, 4.499404e-01
31,2.985219e-01, 1, 1, 1, 0, 1, 5, 1, 9.990827e-02, 3.999346e-01, 4.499467e-01
31,6.630623e-01, 1, 2, 0, 1, 0, 5, -1.500000e+00, 9.992427e-02, 4.002368e-01, 4.502670e-01
31,1.975361e-01, 2, 2, 1, 0, 1, 5, 1, 9.991883e-02, 3.999256e-01, 4.499446e-01
31,2.219694e-01, 2, 2, 1, 0, 1, 5, 1, 9.989046e-02, 4.002208e-01, 4.502362e-01
31,2.616357e-01, 2, 2, 1, 0, 0, 5, 1, 9.991099e-02, 3.999204e-01, 4.499295e-01
31,2.439604e-01, 1, 1, 1, 0, 1, 5, 1, 9.987507e-02, 3.999168e-01, 4.499307e-01
31,2.192570e-01, 2, 2, 1, 0, 0, 5, 1, 9.987054e-02, 3.998833e-01, 4.498945e-01
31,1.157519e-01, 1, 2, 0, 0, 0, 5, -1.500000e+00, 9.991702e-02, 3.999277e-01, 4.499443e-01
31,1.436908e-01, 1, 1, 1, 0, 0, 5, 1, 9.989257e-02, 3.999050e-01, 4.499340e-01
31,2.944621e-01, 1, 2, 0, 0, 0, 6, -1.500000e+00, 9.890312e-02, 3.989047e-01, 4.489207e-01
31,1.320782e-01, 1, 1, 1, 0, 1, 6, 1, 9.991642e-02, 3.999250e-01, 4.499410e-01
31,1.996243e-01, 1, 1, 1, 0, 1, 6, 1, 9.991400e-02, 3.999452e-01, 4.499380e-01
31,2.003508e-01, 1, 1, 1, 0, 0, 6, 1, 9.991914e-02, 3.999171e-01, 4.499419e-01
31,1.931708e-01, 1, 1, 1, 0, 1, 6, 1, 9.991068e-02, 4.002386e-01, 4.502546e-01
31,2.421439e-01, 1, 2, 0, 0, 0, 6, -1.500000e+00, 9.996290e-02, 3.999739e-01, 4.499908e-01
31,1.372437e-01, 1, 2, 0, 0, 0, 6, -1.500000e+00, 9.991672e-02, 3.999385e-01, 4.499443e-01
31,3.727056e-01, 1, 1, 1, 1, 1, 6, -1.500000e+00, 9.991883e-02, 3.999259e-01, 4.499431e-01
31,1.985240e-01, 1, 1, 1, 0, 1, 6, 1, 9.990857e-02, 3.999183e-01, 4.499256e-01
31,2.630196e-01, 1, 2, 0, 0, 0, 6, -1.500000e+00, 9.991853e-02, 4.002446e-01, 4.502618e-01
31,3.091307e-01, 1, 1, 1, 0, 0, 6, 1, 9.991521e-02, 3.999307e-01, 4.499482e-01
31,1.221942e-01, 2, 2, 1, 0, 1, 6, 1, 9.991551e-02, 3.999253e-01, 4.499386e-01
31,1.900032e-01, 2, 1, 0, 0, 1, 6, -1.500000e+00, 9.993061e-02, 3.999292e-01, 4.499458e-01
31,1.991081e-01, 2, 2, 1, 0, 1, 6, 1, 9.990193e-02, 3.999105e-01, 4.499241e-01
31,3.115297e-01, 1, 1, 1, 0, 1, 6, 1, 9.991310e-02, 4.002386e-01, 4.502658e-01
31,2.601183e-01, 2, 2, 1, 0, 1, 6, 1, 9.991340e-02, 3.999250e-01, 4.499431e-01
31,2.349114e-01, 1, 2, 0, 0, 0, 6, -1.500000e+00, 9.991340e-02, 3.999225e-01, 4.499407e-01
31,1.544698e-01, 1, 2, 0, 0, 0, 6, -1.500000e+00, 9.990948e-02, 3.999253e-01, 4.499331e-01
31,1.649439e-01, 1, 1, 1, 0, 0, 6, 1, 9.991551e-02, 3.999250e-01, 4.499316e-01
31,1.826623e-01, 2, 2, 1, 0, 1, 6, 1, 9.991400e-02, 4.002386e-01, 4.502543e-01
31,3.680379e-01, 2, 1, 0, 1, 0, 6, -1.500000e+00, 9.993785e-02, 3.999150e-01, 4.499250e-01
31,1.542911e-01, 2, 2, 1, 0, 1, 6, 1, 9.991340e-02, 3.999168e-01, 4.499340e-01
31,2.853980e-01, 2, 2, 1, 0, 0, 6, 1, 9.991793e-02, 3.999265e-01, 4.499386e-01
31,3.385040e-01, 1, 1, 1, 1, 1, 6, -1.500000e+00, 9.991370e-02, 3.999235e-01, 4.499398e-01
31,2.137057e-01, 2, 1, 0, 0, 1, 6, -1.500000e+00, 9.991702e-02, 4.002458e-01, 4.502437e-01
31,4.616707e-01, 2, 2, 1, 1, 0, 6, -1.500000e+00, 9.991702e-02, 3.999253e-01, 4.499437e-01
31,3.403344e-01, 2, 2, 1, 1, 1, 6, -1.500000e+00, 9.990616e-02, 3.999159e-01, 4.499322e-01
31,3.032769e-01, 2, 1, 0, 0, 0, 6, -1.500000e+00, 9.991461e-02, 4.002410e-01, 4.502564e-01
31,1.074164e-01, 2, 2, 1, 0, 1, 6, 1, 9.992547e-02, 3.999150e-01, 4.499343e-01
31,2.807320e-01, 1, 1, 1, 0, 0, 6, 1, 9.991129e-02, 3.999147e-01, 4.499189e-01
31,2.937878e-01, 1, 2, 0, 0, 1, 6, -1.500000e+00, 9.991461e-02, 3.999231e-01, 4.499431e-01
31,2.268222e-01, 2, 1, 0, 0, 0, 6, -1.500000e+00, 9.991612e-02, 4.002443e-01, 4.502594e-01
31,2.024963e-01, 2, 1, 0, 0, 0, 6, -1.500000e+00, 9.989469e-02, 3.999081e-01, 4.499271e-01
31,2.829430e-01, 2, 2, 1, 0, 1, 6, 1, 9.990585e-02, 3.999135e-01, 4.499298e-01
31,4.570793e-01, 2, 2, 1, 1, 0, 6, -1.500000e+00, 9.991249e-02, 3.999301e-01, 4.499398e-01
31,2.709606e-01, 2, 1, 0, 0, 1, 6, -1.500000e+00, 9.991068e-02, 4.002410e-01, 4.502643e-01
31,1.652904e-01, 1, 1, 1, 0, 1, 6, 1, 9.992336e-02, 3.999443e-01, 4.499395e-01
31,2.315189e-01, 1, 2, 0, 0, 0, 6, -1.500000e+00, 9.991914e-02, 3.999274e-01, 4.500080e-01
31,1.431110e-01, 1, 2, 0, 0, 0, 6, -1.500000e+00, 9.991642e-02, 3.999280e-01, 4.499404e-01
31,2.081234e-03, 2, 2, 1, 0, 1, 6, 1, 9.991129e-02, 3.999210e-01, 4.499370e-01
31,3.230304e-01, 1, 1, 1, 0, 1, 6, 1, 9.992095e-02, 3.999319e-01, 4.499355e-01
31,1.985962e-01, 1, 1, 1, 0, 0, 6, 1, 9.991612e-02, 4.002833e-01, 4.502790e-01
31,2.471648e-01, 1, 1, 1, 0, 0, 6, 1, 9.992095e-02, 3.999313e-01, 4.499440e-01
31,1.988884e-01, 1, 1, 1, 0, 1, 6, 1, 9.991642e-02, 3.999268e-01, 4.499449e-01
31,2.316408e-01, 1, 2, 0, 0, 1, 6, -1.500000e+00, 9.989469e-02, 3.999056e-01, 4.499144e-01
31,2.787637e-01, 2, 2, 1, 0, 1, 6, 1, 9.991944e-02, 3.999301e-01, 4.499440e-01
31,2.359352e-01, 1, 1, 1, 0, 0, 6, 1, 9.991431e-02, 4.002422e-01, 4.502582e-01
31,2.196805e-01, 2, 2, 1, 0, 0, 6, 1, 9.991642e-02, 3.999228e-01, 4.499377e-01
31,4.357053e-01, 2, 2, 1, 1, 1, 6, -1.500000e+00, 9.991370e-02, 3.999228e-01, 4.499395e-01
31,3.229652e-01, 2, 2, 1, 0, 0, 6, 1, 9.991491e-02, 4.002431e-01, 4.502606e-01
31,3.106758e-01, 1, 1, 1, 0, 1, 6, 1, 9.991431e-02, 3.999183e-01, 4.499319e-01
31,2.114259e-01, 2, 1, 0, 0, 1, 6, -1.500000e+00, 9.990193e-02, 3.999135e-01, 4.499292e-01
31,1.717747e-01, 2, 1, 0, 0, 0, 6, -1.500000e+00, 9.988895e-02, 3.998981e-01, 4.499171e-01
31,3.735629e-01, 2, 2, 1, 1, 0, 6, -1.500000e+00, 9.990706e-02, 3.999087e-01, 4.499319e-01
31,2.873343e-01, 2, 1, 0, 0, 0, 6, -1.500000e+00, 1.002409e-01, 4.002021e-01, 4.502564e-01
31,6.820017e-02, 1, 2, 0, 0, 0, 6, -1.500000e+00, 9.991612e-02, 3.999228e-01, 4.499361e-01
31,2.428424e-01, 2, 2, 1, 0, 1, 6, 1, 9.991068e-02, 3.999225e-01, 4.499355e-01
31,2.258834e-01, 2, 2, 1, 0, 1, 6, 1, 9.991581e-02, 3.999259e-01, 4.499419e-01
31,3.696289e-01, 1, 1, 1, 1, 1, 6, -1.500000e+00, 9.991280e-02, 4.002404e-01, 4.502576e-01
31,2.836847e-01, 2, 2, 1, 0, 0, 6, 1, 9.991672e-02, 3.999307e-01, 4.499479e-01
31,1.850749e-01, 1, 2, 0, 0, 0, 6, -1.500000e+00, 9.990767e-02, 3.999183e-01, 4.499310e-01
31,3.946393e-01, 1, 1, 1, 1, 1, 6, -1.500000e+00, 9.991370e-02, 3.999241e-01, 4.499301e-01
31,2.995727e-01, 1, 2, 0, 0, 0, 6, -1.500000e+00, 9.991099e-02, 4.002582e-01, 4.503313e-01
31,2.964582e-01, 2, 2, 1, 0, 1, 6, 1, 9.990767e-02, 3.999476e-01, 4.499663e-01
31,2.457637e-01, 2, 2, 1, 0, 1, 6, 1, 9.993151e-02, 3.999262e-01, 4.499458e-01
31,3.167472e-01, 2, 2, 1, 0, 0, 6, 1, 9.991370e-02, 3.999238e-01, 4.499367e-01
31,4.080323e-01, 1, 2, 0, 1, 0, 6, -1.500000e+00, 9.992638e-02, 4.002292e-01, 4.502404e-01
31,2.568940e-01, 2, 2, 1, 0, 1, 6, 1, 9.991883e-02, 3.999253e-01, 4.499422e-01
31,2.157652e-01, 2, 1, 0, 0, 1, 6, -1.500000e+00, 9.991068e-02, 3.999201e-01, 4.499340e-01
31,2.475144e-01, 1, 1, 1, 0, 0, 6, 1, 9.991461e-02, 4.002416e-01, 4.502588e-01
31,2.221176e-01, 2, 1, 0, 0, 0, 6, -1.500000e+00, 9.990163e-02, 3.999250e-01, 4.499422e-01
31,1.979994e-01, 1, 2, 0, 0, 1, 6, -1.500000e+00, 9.995083e-02, 3.999250e-01, 4.499506e-01
31,2.235025e-01, 2, 1, 0, 0, 0, 6, -1.500000e+00, 9.991189e-02, 3.999204e-01, 4.499370e-01
31,1.754125e-01, 1, 1, 1, 0, 0, 6, 1, 9.990767e-02, 3.999177e-01, 4.499361e-01
31,3.366171e-01, 1, 1, 1, 1, 1, 6, -1.500000e+00, 9.991249e-02, 4.002440e-01, 4.502528e-01
31,2.357589e-01, 2, 2, 1, 0, 1, 6, 1, 9.990736e-02, 3.999210e-01, 4.499331e-01
31,3.392384e-01, 1, 1, 1, 1, 1, 6, -1.500000e+00, 1.000145e-01, 3.999597e-01, 4.499745e-01
31,4.708765e-01, 2, 1, 0, 1, 0, 6, -1.500000e+00, 9.991491e-02, 3.999247e-01, 4.499398e-01
31,3.882586e-01, 2, 1, 0, 1, 0, 6, -1.500000e+00, 1.002068e-01, 4.002135e-01, 4.502259e-01
31,2.937377e-01, 2, 1, 0, 0, 0, 6, -1.500000e+00, 9.990978e-02, 3.999165e-01, 4.499425e-01
31,4.587676e-01, 2, 1, 0, 1, 0, 7, -1.500000e+00, 9.481853e-02, 3.948231e-01, 4.448380e-01
31,2.492584e-01, 1, 2, 0, 0, 0, 7, -1.500000e+00, 9.991491e-02, 4.001948e-01, 4.502552e-01
31,3.279701e-01, 2, 1, 0, 1, 0, 7, -1.500000e+00, 9.991883e-02, 3.999343e-01, 4.499506e-01
31,2.519892e-01, 2, 1, 0, 0, 0, 7, -1.500000e+00, 9.991400e-02, 3.999235e-01, 4.499386e-01
31,3.632512e-01, 1, 1, 1, 1, 1, 7, -1.500000e+00, 9.990525e-02, 3.999177e-01, 4.499244e-01
31,2.928192e-01, 1, 1, 1, 0, 1, 7, 1, 9.990857e-02, 4.002395e-01, 4.502498e-01
31,2.658371e-01, 2, 1, 0, 0, 0, 7, -1.500000e+00, 9.991129e-02, 3.999259e-01, 4.499467e-01
31,6.427827e-02, 1, 1, 1, 0, 1, 7, 1, 9.992910e-02, 3.999639e-01, 4.499624e-01
31,2.063618e-01, 1, 1, 1, 0, 1, 7, 1, 9.991159e-02, 3.999207e-01, 4.499389e-01
31,2.068970e-01, 1, 1, 1, 0, 1, 7, 1, 9.989770e-02, 3.999189e-01, 4.499253e-01
31,2.071822e-01, 1, 2, 0, 0, 0, 7, -1.500000e+00, 9.991431e-02, 4.002648e-01, 4.502799e-01
31,9.561903e-02, 1, 1, 1, 0, 1, 7, 1, 9.992578e-02, 3.999265e-01, 4.499280e-01
31,2.771735e-01, 1, 1, 1, 0, 1, 7, 1, 9.969305e-02, 3.996162e-01, 4.496334e-01
31,2.996004e-01, 1, 1, 1, 0, 1, 7, 1, 9.990585e-02, 3.999162e-01, 4.499334e-01
31,2.314685e-01, 1, 1, 1, 0, 0, 7, 1, 9.990887e-02, 3.999189e-01, 4.499331e-01
31,2.706545e-01, 2, 1, 0, 0, 0, 7, -1.500000e+00, 9.991612e-02, 4.002455e-01, 4.502860e-01
31,1.166131e-01, 1, 2, 0, 0, 1, 7, -1.500000e+00, 9.991793e-02, 3.999268e-01, 4.499310e-01
31,2.412586e-01, 2, 1, 0, 0, 0, 7, -1.500000e+00, 9.960129e-02, 3.996092e-01, 4.496268e-01
31,1.202862e-01, 1, 2, 0, 0, 1, 7, -1.500000e+00, 9.991732e-02, 3.999238e-01, 4.499407e-01
31,1.240678e-01, 2, 1, 0, 0, 0, 7, -1.500000e+00, 9.990525e-02, 3.999228e-01, 4.499374e-01
31,3.193267e-02, 2, 2, 1, 0, 0, 7, 1, 9.991793e-02, 3.999295e-01, 4.499440e-01
31,2.073398e-01, 2, 2, 1, 0, 1, 7, 1, 9.991219e-02, 3.999225e-01, 4.499346e-01
31,1.919815e-01, 2, 1, 0, 0, 1, 7, -1.500000e+00, 9.991219e-02, 4.002404e-01, 4.502543e-01
31,2.729757e-01, 2, 2, 1, 0, 1, 7, 1, 9.992004e-02, 3.999274e-01, 4.499410e-01
31,3.349781e-01, 1, 1, 1, 1, 1, 7, -1.500000e+00, 9.992125e-02, 3.999295e-01, 4.499500e-01
31,3.388046e-01, 2, 2, 1, 1, 1, 7, -1.500000e+00, 9.991129e-02, 3.999216e-01, 4.499331e-01
31,2.854665e-01, 2, 2, 1, 0, 1, 7, 1, 9.991551e-02, 4.002374e-01, 4.502582e-01
31,2.587373e-01, 2, 2, 1, 0, 1, 7, 1, 9.989650e-02, 3.999204e-01, 4.499186e-01
31,2.258704e-01, 2, 2, 1, 0, 0, 7, 1, 9.993121e-02, 3.999213e-01, 4.499530e-01
31,1.775448e-01, 2, 2, 1, 0, 1, 7, 1, 9.989257e-02, 3.999075e-01, 4.499138e-01
31,2.118801e-01, 2, 1, 0, 0, 0, 7, -1.500000e+00, 9.991853e-02, 3.999316e-01, 4.499364e-01
31,4.272001e-01, 1, 2, 0, 1, 0, 7, -1.500000e+00, 9.991189e-02, 4.002407e-01, 4.502561e-01
31,2.431213e-01, 2, 2, 1, 0, 1, 7, 1, 9.992638e-02, 3.999364e-01, 4.499497e-01
31,2.588997e-01, 2, 1, 0, 0, 0, 7, -1.500000e+00, 9.990374e-02, 3.999138e-01, 4.499229e-01
31,1.526506e-01, 2, 2, 1, 0, 0, 7, 1, 9.992427e-02, 4.002389e-01, 4.502561e-01
31,3.313110e-01, 1, 2, 0, 1, 0, 7, -1.500000e+00, 9.991129e-02, 3.999238e-01, 4.498924e-01
31,2.071291e-01, 2, 1, 0, 0, 1, 7, -1.500000e+00, 9.992004e-02, 3.999292e-01, 4.499410e-01
31,2.557074e-01, 2, 1, 0, 0, 0, 7, -1.500000e+00, 9.990917e-02, 3.999201e-01, 4.499325e-01
31,3.424207e-01, 2, 2, 1, 1, 1, 7, -1.500000e+00, 9.991521e-02, 3.999259e-01, 4.499334e-01
31,3.059800e-01, 2, 1, 0, 1, 0, 7, -1.500000e+00, 9.991249e-02, 4.002428e-01, 4.502582e-01
31,3.976059e-01, 1, 1, 1, 1, 1, 7, -1.500000e+00, 9.992578e-02, 3.999259e-01, 4.499389e-01
31,1.986858e-01, 1, 2, 0, 0, 0, 7, -1.500000e+00, 9.991310e-02, 3.999334e-01, 4.499319e-01
31,2.471196e-01, 1, 2, 0, 0, 0, 7, -1.500000e+00, 9.992366e-02, 4.001888e-01, 4.502923e-01
31,3.344737e-01, 1, 1, 1, 1, 1, 7, -1.500000e+00, 9.987537e-02, 3.999506e-01, 4.499374e-01
31,2.019865e-01, 1, 2, 0, 0, 0, 7, -1.500000e+00, 9.989982e-02, 3.999059e-01, 4.499232e-01
31,2.989901e-01, 2, 2, 1, 0, 1, 7, 1, 9.990223e-02, 3.999195e-01, 4.499389e-01
31,1.433108e-01, 2, 2, 1, 0, 1, 7, 1, 9.990978e-02, 4.002416e-01, 4.502576e-01
31,1.068698e-01, 2, 1, 0, 0, 1, 7, -1.500000e+00, 9.991612e-02, 3.999250e-01, 4.499537e-01
31,3.670753e-01, 2, 2, 1, 1, 0, 7, -1.500000e+00, 9.992638e-02, 3.999262e-01, 4.499383e-01
31,5.744446e-02, 2, 1, 0, 0, 1, 7, -1.500000e+00, 9.990193e-02, 3.999346e-01, 4.499521e-01
31,1.929577e-01, 1, 2, 0, 0, 1, 7, -1.500000e+00, 9.989529e-02, 3.999183e-01, 4.499189e-01
31,6.508119e-02, 2, 2, 1, 0, 0, 7, 1, 9.991491e-02, 3.999241e-01, 4.499416e-01
31,1.506216e-04, 2, 2, 1, 0, 0, 7, 1, 9.992034e-02, 3.999295e-01, 4.499434e-01
31,2.242018e-01, 2, 2, 1, 0, 1, 7, 1, 9.991310e-02, 3.999250e-01, 4.499413e-01
31,2.003499e-01, 2, 1, 0, 0, 1, 7, -1.500000e+00, 9.991581e-02, 3.999280e-01, 4.499431e-01
31,2.886126e-01, 2, 1, 0, 0, 0, 7, -1.500000e+00, 9.990585e-02, 4.002525e-01, 4.502579e-01
31,6.984191e-02, 1, 1, 1, 0, 0, 7, 1, 9.992155e-02, 3.999265e-01, 4.499398e-01
31,1.802529e-01, 1, 1, 1, 0, 0, 7, 1, 9.960220e-02, 3.996132e-01, 4.496286e-01
31,1.657009e-01, 1, 2, 0, 0, 0, 7, -1.500000e+00, 9.989710e-02, 3.999075e-01, 4.499211e-01
31,1.278336e-01, 2, 1, 0, 0, 0, 7, -1.500000e+00, 9.991612e-02, 3.999262e-01, 4.499404e-01
31,3.950060e+00, 0, 1, 0, 1, 1, 7, -1.500000e+00, 9.990978e-02, 3.999189e-01, 4.499398e-01
31,1.261719e-04, 1, 1, 1, 0, 0, 7, 1, 9.962363e-02, 3.996319e-01, 4.496518e-01
31,1.252664e-04, 1, 2, 0, 0, 1, 7, -1.500000e+00, 9.985182e-02, 3.998694e-01, 4.498552e-01
31,4.762599e-02, 2, 2, 1, 0, 0, 7, 1, 9.991129e-02, 3.999449e-01, 4.499491e-01
31,1.276813e-04, 2, 1, 0, 0, 1, 7, -1.500000e+00, 9.988986e-02, 3.998993e-01, 4.499014e-01
31,1.352859e-01, 2, 2, 1, 0, 1, 7, 1, 9.991914e-02, 3.999286e-01, 4.499479e-01
31,1.258701e-04, 2, 1, 0, 0, 1, 7, -1.500000e+00, 9.991159e-02, 3.999204e-01, 4.499374e-01
31,5.213317e-02, 2, 2, 1, 0, 1, 7, 1, 9.991763e-02, 3.999280e-01, 4.499392e-01
31,1.147211e-01, 2, 2, 1, 0, 0, 7, 1, 9.990616e-02, 3.999171e-01, 4.499310e-01
31,1.442828e-04, 2, 1, 0, 0, 0, 7, -1.500000e+00, 9.990434e-02, 3.999150e-01, 4.499274e-01
31,2.240295e-01, 1, 1, 1, 0, 0, 7, 1, 9.992125e-02, 3.999283e-01, 4.499416e-01
31,2.954748e-01, 1, 2, 0, 0, 0, 7, -1.500000e+00, 9.991642e-02, 4.002636e-01, 4.502818e-01
31,6.003642e-02, 2, 2, 1, 0, 0, 7, 1, 9.992306e-02, 3.999265e-01, 4.499386e-01
31,5.883839e-02, 2, 2, 1, 0, 0, 7, 1, 9.960159e-02, 3.996116e-01, 4.496207e-01
31,8.136793e-02, 2, 1, 0, 0, 1, 7, -1.500000e+00, 9.991853e-02, 3.999292e-01, 4.499455e-01
31,3.947915e-02, 2, 2, 1, 0, 1, 7, 1, 9.997981e-02, 3.999259e-01, 4.499404e-01
31,1.184308e-01, 2, 2, 1, 0, 0, 7, 1, 9.992034e-02, 3.999271e-01, 4.499449e-01
31,1.385933e-01, 2, 1, 0, 0, 0, 7, -1.500000e+00, 9.991431e-02, 3.999244e-01, 4.499358e-01
31,1.495929e-01, 1, 2, 0, 0, 1, 7, -1.500000e+00, 9.991581e-02, 3.999280e-01, 4.499425e-01
31,1.276811e-04, 2, 2, 1, 0, 1, 7, 1, 9.991008e-02, 3.999195e-01, 4.499304e-01
31,1.762556e-01, 2, 2, 1, 0, 0, 8, 1, 9.479740e-02, 3.948017e-01, 4.448159e-01
31,1.234552e-04, 2, 1, 0, 0, 0, 8, -1.500000e+00, 9.991400e-02, 3.999253e-01, 4.499401e-01
31,1.252664e-04, 2, 1, 0, 0, 1, 8, -1.500000e+00, 9.991400e-02, 3.999334e-01, 4.499392e-01
31,3.950043e+00, 0, 2, 0, 1, 0, 8, -1.500000e+00, 9.988865e-02, 3.999069e-01, 4.499428e-01
31,1.904925e-01, 2, 1, 0, 0, 1, 8, -1.500000e+00, 9.990797e-02, 3.999111e-01, 4.499232e-01
31,1.117238e-01, 2, 2, 1, 0, 1, 8, 1, 9.991280e-02, 3.999340e-01, 4.499488e-01
31,2.517897e-01, 1, 1, 1, 0, 1, 8, 1, 9.990133e-02, 3.999105e-01, 4.499253e-01
31,1.543596e-01, 2, 2, 1, 0, 1, 8, 1, 9.991129e-02, 4.002395e-01, 4.502600e-01
31,1.812427e-01, 1, 2, 0, 0, 0, 8, -1.500000e+00, 9.991370e-02, 3.999280e-01, 4.499437e-01
31,1.270773e-04, 2, 2, 1, 0, 0, 8, 1, 9.991914e-02, 3.999313e-01, 4.499615e-01
31,1.755816e-01, 2, 1, 0, 0, 0, 8, -1.500000e+00, 9.956809e-02, 3.995796e-01, 4.495954e-01
31,1.246629e-04, 1, 2, 0, 0, 0, 8, -1.500000e+00, 9.991732e-02, 3.999280e-01, 4.499404e-01
31,1.544296e-01, 1, 1, 1, 0, 1, 8, 1, 9.992306e-02, 3.999334e-01, 4.499470e-01
31,1.569561e-01, 1, 1, 1, 0, 1, 8, 1, 9.991763e-02, 3.999259e-01, 4.499404e-01
31,1.991413e-01, 1, 1, 1, 0, 1, 8, 1, 9.990525e-02, 3.999192e-01, 4.499358e-01
31,1.843958e-01, 1, 1, 1, 0, 0, 8, 1, 9.991732e-02, 3.999271e-01, 4.499404e-01
31,1.938122e-01, 1, 2, 0, 0, 0, 8, -1.500000e+00, 9.993966e-02, 4.002730e-01, 4.502893e-01
31,1.706925e-01, 1, 1, 1, 0, 0, 8, 1, 9.991732e-02, 3.999216e-01, 4.499386e-01
31,3.406890e-01, 2, 1, 0, 0, 0, 8, -1.500000e+00, 9.987839e-02, 3.999328e-01, 4.499491e-01
31,2.639046e-01, 2, 2, 1, 0, 1, 8, 1, 9.991159e-02, 3.999213e-01, 4.499331e-01
31,1.898471e-01, 2, 1, 0, 0, 1, 8, -1.500000e+00, 9.991340e-02, 4.002419e-01, 4.502579e-01
31,3.909592e-01, 2, 2, 1, 0, 1, 8, 1, 9.992064e-02, 3.999244e-01, 4.499343e-01
31,2.081089e-01, 2, 2, 1, 0, 1, 8, 1, 9.990767e-02, 3.999162e-01, 4.499280e-01
31,1.693484e-01, 2, 1, 0, 0, 1, 8, -1.500000e+00, 9.991551e-02, 3.999262e-01, 4.499434e-01
31,2.351634e-01, 2, 1, 0, 0, 0, 8, -1.500000e+00, 9.990827e-02, 3.999159e-01, 4.499497e-01
31,7.431679e-02, 1, 2, 0, 0, 1, 8, -1.500000e+00, 9.991763e-02, 4.002458e-01, 4.502655e-01
31,1.509236e-04, 2, 2, 1, 0, 0, 8, 1, 9.991732e-02, 3.996098e-01, 4.496231e-01
31,1.937425e-01, 2, 1, 0, 0, 1, 8, -1.500000e+00, 9.991763e-02, 3.999268e-01, 4.499425e-01
31,1.382467e-01, 1, 2, 0, 0, 0, 8, -1.500000e+00, 9.991340e-02, 4.002461e-01, 4.502567e-01
31,3.950523e+00, 0, 2, 0, 1, 1, 8, -1.500000e+00, 9.991581e-02, 3.999416e-01, 4.499340e-01
31,2.241707e-01, 2, 2, 1, 0, 1, 8, 1, 9.990827e-02, 3.999138e-01, 4.499295e-01
31,3.596517e-01, 1, 1, 1, 0, 1, 8, 1, 9.988291e-02, 3.999271e-01, 4.499440e-01
31,2.183816e-01, 2, 1, 0, 0, 0, 8, -1.500000e+00, 9.987537e-02, 3.998715e-01, 4.498719e-01
31,5.001299e-02, 1, 2, 0, 0, 0, 8, -1.500000e+00, 9.991340e-02, 4.002368e-01, 4.502561e-01
31,3.950027e+00, 0, 2, 0, 1, 1, 8, -1.500000e+00, 9.991310e-02, 3.996219e-01, 4.496391e-01
31,3.558375e-01, 1, 2, 0, 0, 0, 8, -1.500000e+00, 9.990223e-02, 4.002286e-01, 4.502470e-01
31,3.899999e-01, 1, 1, 1, 0, 1, 8, 1, 9.990736e-02, 3.999204e-01, 4.499349e-01
31,2.713642e-01, 1, 1, 1, 0, 1, 8, 1, 9.991310e-02, 3.999222e-01, 4.499386e-01
31,3.255336e-01, 2, 2, 1, 0, 1, 8, 1, 9.990978e-02, 3.999201e-01, 4.499337e-01
31,2.806759e-01, 1, 1, 1, 0, 1, 8, 1, 9.991340e-02, 4.002603e-01, 4.502824e-01
31,3.422040e-01, 1, 2, 0, 0, 0, 8, -1.500000e+00, 9.994026e-02, 3.999343e-01, 4.499576e-01
31,2.420585e-01, 2, 2, 1, 0, 1, 8, 1, 9.990042e-02, 3.999162e-01, 4.499319e-01
31,2.446710e-02, 2, 1, 0, 0, 0, 8, -1.500000e+00, 9.991612e-02, 4.002410e-01, 4.502576e-01
31,4.874343e-02, 1, 2, 0, 0, 0, 8, -1.500000e+00, 9.990827e-02, 3.995993e-01, 4.496126e-01
31,1.273793e-04, 2, 1, 0, 0, 0, 8, -1.500000e+00, 9.991219e-02, 3.999225e-01, 4.499346e-01
31,1.246626e-04, 2, 1, 0, 0, 0, 8, -1.500000e+00, 9.991823e-02, 3.999268e-01, 4.499370e-01
31,1.258701e-04, 2, 2, 1, 0, 1, 8, 1, 9.990585e-02, 3.999174e-01, 4.499319e-01
31,3.861417e-01, 2, 1, 0, 0, 0, 8, -1.500000e+00, 9.991582e-02, 3.999253e-01, 4.499383e-01
31,1.957377e-01, 2, 2, 1, 0, 1, 8, 1, 1.002243e-01, 4.002380e-01, 4.502531e-01
31,9.294255e-02, 2, 1, 0, 0, 0, 8, -1.500000e+00, 9.990978e-02, 3.999168e-01, 4.499295e-01
31,9.675095e-03, 2, 2, 1, 0, 1, 8, 1, 9.990042e-02, 3.999370e-01, 4.499473e-01
31,1.463649e-01, 2, 1, 0, 0, 1, 8, -1.500000e+00, 9.991974e-02, 3.999289e-01, 4.499422e-01
31,2.052287e-01, 1, 2, 0, 0, 0, 8, -1.500000e+00, 9.991793e-02, 3.999265e-01, 4.499364e-01
31,2.195754e-02, 1, 2, 0, 0, 1, 8, -1.500000e+00, 9.989257e-02, 3.998984e-01, 4.499241e-01
31,3.764211e-02, 1, 2, 0, 0, 0, 8, -1.500000e+00, 9.985967e-02, 3.998601e-01, 4.498942e-01
31,1.890029e-01, 1, 1, 1, 0, 0, 8, 1, 9.991642e-02, 3.999265e-01, 4.499440e-01
31,4.379075e-01, 2, 1, 0, 0, 0, 8, -1.500000e+00, 9.991219e-02, 4.002422e-01, 4.502519e-01
31,1.651093e-01, 1, 1, 1, 0, 0, 8, 1, 9.992970e-02, 3.999256e-01, 4.499367e-01
31,1.752193e-01, 1, 1, 1, 0, 1, 8, 1, 9.991280e-02, 3.999228e-01, 4.499286e-01
31,1.531785e-01, 1, 2, 0, 0, 1, 8, -1.500000e+00, 9.991702e-02, 3.999132e-01, 4.499325e-01
31,2.915979e-01, 1, 1, 1, 0, 1, 8, 1, 9.990857e-02, 3.999201e-01, 4.499331e-01
31,3.284914e-01, 1, 1, 1, 0, 1, 8, 1, 9.991008e-02, 4.002377e-01, 4.502135e-01
31,3.322029e-01, 2, 2, 1, 0, 1, 8, 1, 9.991340e-02, 3.999633e-01, 4.499540e-01
31,4.077105e-01, 1, 1, 1, 0, 1, 8, 1, 9.991823e-02, 3.999265e-01, 4.499567e-01
31,3.041200e-01, 1, 1, 1, 0, 1, 8, 1, 9.991521e-02, 4.002479e-01, 4.502603e-01
31,3.084627e-01, 2, 2, 1, 0, 1, 8, 1, 9.990767e-02, 3.999247e-01, 4.499413e-01
31,2.895499e-01, 2, 2, 1, 0, 1, 8, 1, 9.991249e-02, 3.999219e-01, 4.499401e-01
31,3.505582e-01, 1, 1, 1, 0, 1, 8, 1, 9.990133e-02, 4.002168e-01, 4.502314e-01
31,2.650520e-01, 1, 2, 0, 0, 0, 8, -1.500000e+00, 9.991159e-02, 3.999201e-01, 4.499256e-01
31,4.716576e-01, 2, 1, 0, 1, 0, 8, -1.500000e+00, 9.990887e-02, 3.999177e-01, 4.499334e-01
31,1.403587e-04, 1, 1, 1, 0, 0, 8, 1, 9.990133e-02, 4.002253e-01, 4.502054e-01
31,2.941243e-01, 1, 2, 0, 0, 1, 8, -1.500000e+00, 9.992608e-02, 3.996391e-01, 4.496512e-01
31,4.749408e-01, 2, 2, 1, 1, 0, 8, -1.500000e+00, 9.990676e-02, 4.002422e-01, 4.502636e-01
31,2.088578e-01, 2, 1, 0, 0, 0, 8, -1.500000e+00, 9.996954e-02, 3.999714e-01, 4.499814e-01
31,3.055997e-01, 2, 2, 1, 0, 0, 8, 1, 9.990555e-02, 3.999289e-01, 4.499283e-01
31,5.582581e-01, 2, 2, 1, 1, 0, 8, -1.500000e+00, 9.991219e-02, 4.002597e-01, 4.502733e-01
31,3.284941e-01, 2, 1, 0, 0, 0, 8, -1.500000e+00, 9.990827e-02, 3.999262e-01, 4.499476e-01
31,1.240068e-01, 1, 2, 0, 0, 0, 8, -1.500000e+00, 9.990767e-02, 4.002338e-01, 4.502486e-01
31,5.758929e-01, 2, 2, 1, 1, 0, 8, -1.500000e+00, 9.988020e-02, 3.998921e-01, 4.498761e-01
31,1.258701e-04, 2, 1, 0, 0, 0, 8, -1.500000e+00, 9.992004e-02, 3.999210e-01, 4.499419e-01
31,3.206138e-01, 1, 2, 0, 0, 0, 9, -1.500000e+00, 9.354987e-02, 3.935587e-01, 4.435714e-01
31,2.042395e-01, 2, 1, 0, 0, 1, 9, -1.500000e+00, 9.991642e-02, 3.999268e-01, 4.499458e-01
31,3.690651e-02, 2, 2, 1, 0, 1, 9, 1, 9.991491e-02, 3.999228e-01, 4.499506e-01
31,2.360095e-01, 1, 1, 1, 0, 1, 9, 1, 9.991189e-02, 3.999228e-01, 4.499364e-01
31,3.314232e-01, 1, 1, 1, 0, 1, 9, 1, 9.990978e-02, 3.999147e-01, 4.502443e-01
31,2.868230e-01, 2, 1, 0, 0, 0, 9, -1.500000e+00, 9.985907e-02, 3.999313e-01, 4.499319e-01
31,4.037922e-01, 2, 2, 1, 0, 1, 9, 1, 9.992306e-02, 3.999295e-01, 4.499419e-01
31,3.169452e-01, 1, 2, 0, 0, 0, 9, -1.500000e+00, 9.990404e-02, 3.999138e-01, 4.499274e-01
31,3.370110e-01, 2, 1, 0, 0, 0, 9, -1.500000e+00, 9.991370e-02, 4.002667e-01, 4.502567e-01
31,3.156542e-01, 1, 1, 1, 0, 1, 9, 1, 9.991491e-02, 3.999307e-01, 4.499428e-01
31,2.960906e-01, 1, 2, 0, 0, 0, 9, -1.500000e+00, 9.991793e-02, 3.999087e-01, 4.499358e-01
31,3.247075e-01, 1, 1, 1, 0, 1, 9, 1, 9.997045e-02, 4.002440e-01, 4.502461e-01
31,3.526989e-01, 1, 1, 1, 0, 1, 9, 1, 9.991310e-02, 3.999271e-01, 4.499425e-01
31,3.076706e-01, 2, 2, 1, 0, 0, 9, 1, 9.990344e-02, 3.999198e-01, 4.499268e-01
31,3.442104e-01, 2, 2, 1, 0, 1, 9, 1, 9.991672e-02, 4.002440e-01, 4.502658e-01
31,2.670194e-01, 1, 2, 0, 0, 0, 9, -1.500000e+00, 9.991642e-02, 3.999328e-01, 4.499407e-01
31,5.054868e-01, 1, 1, 1, 0, 0, 9, 1, 9.991099e-02, 3.999346e-01, 4.499449e-01
31,4.939843e-01, 2, 2, 1, 0, 0, 9, 1, 9.991491e-02, 4.002452e-01, 4.502630e-01
31,4.190599e-01, 1, 1, 1, 0, 0, 9, 1, 9.991280e-02, 3.999241e-01, 4.499419e-01
31,3.472488e-01, 2, 2, 1, 0, 1, 9, 1, 9.990797e-02, 3.999075e-01, 4.499201e-01
31,3.018486e-01, 1, 1, 1, 0, 0, 9, 1, 9.990525e-02, 4.002579e-01, 4.502458e-01
31,3.471314e-01, 1, 2, 0, 0, 0, 9, -1.500000e+00, 9.993061e-02, 3.999292e-01, 4.499473e-01
31,3.499437e-01, 2, 2, 1, 0, 1, 9, 1, 9.991310e-02, 3.999244e-01, 4.499410e-01
31,3.122976e-01, 1, 1, 1, 0, 0, 9, 1, 9.990917e-02, 4.002386e-01, 4.502552e-01
31,4.527318e-01, 2, 2, 1, 0, 0, 9, 1, 9.991491e-02, 3.999162e-01, 4.499316e-01
31,3.719676e-01, 1, 1, 1, 0, 0, 9, 1, 9.991099e-02, 3.999228e-01, 4.499389e-01
31,3.171405e-01, 2, 1, 0, 0, 0, 9, -1.500000e+00, 9.990555e-02, 4.002316e-01, 4.502540e-01
31,3.532917e-01, 1, 1, 1, 0, 0, 9, 1, 9.990948e-02, 3.998764e-01, 4.499253e-01
31,3.805053e-01, 1, 1, 1, 0, 1, 9, 1, 9.990585e-02, 3.999180e-01, 4.499328e-01
31,2.773154e-01, 1, 1, 1, 0, 1, 9, 1, 9.988774e-02, 4.002199e-01, 4.502356e-01
31,3.471531e-01, 2, 2, 1, 0, 1, 9, 1, 9.992155e-02, 3.999340e-01, 4.499464e-01
31,3.662757e-01, 2, 2, 1, 0, 0, 9, 1, 9.989831e-02, 3.999059e-01, 4.499232e-01
31,3.362815e-01, 2, 2, 1, 0, 0, 9, 1, 9.991310e-02, 4.002419e-01, 4.503210e-01
31,4.512945e-01, 2, 2, 1, 0, 0, 9, 1, 9.992215e-02, 3.999222e-01, 4.499325e-01
31,3.308180e-01, 2, 2, 1, 0, 0, 9, 1, 9.991491e-02, 3.999244e-01, 4.499401e-01
31,4.297498e-01, 1, 1, 1, 0, 0, 9, 1, 9.989408e-02, 4.001764e-01, 4.502458e-01
31,3.253199e-01, 2, 2, 1, 0, 1, 9, 1, 9.995898e-02, 3.999787e-01, 4.499844e-01
31,3.457039e-01, 1, 1, 1, 0, 0, 9, 1, 9.991853e-02, 3.999265e-01, 4.499443e-01
31,2.361263e-01, 2, 2, 1, 0, 1, 9, 1, 9.991431e-02, 4.002866e-01, 4.502781e-01
31,2.913633e-01, 2, 2, 1, 0, 1, 9, 1, 9.992517e-02, 3.999292e-01, 4.499392e-01
31,2.806982e-01, 2, 2, 1, 0, 1, 9, 1, 9.991793e-02, 3.999268e-01, 4.499440e-01
31,2.547385e-01, 2, 2, 1, 0, 1, 9, 1, 9.991581e-02, 3.999253e-01, 4.499392e-01
31,4.288552e-01, 2, 2, 1, 0, 0, 9, 1, 9.991189e-02, 4.002440e-01, 4.502736e-01
31,3.643393e-01, 1, 1, 1, 0, 0, 9, 1, 9.992064e-02, 3.999177e-01, 4.499422e-01
31,3.583966e-01, 2, 2, 1, 0, 0, 9, 1, 9.992366e-02, 3.999216e-01, 4.499389e-01
31,3.446103e-01, 2, 2, 1, 0, 1, 9, 1, 9.990465e-02, 4.002304e-01, 4.502446e-01
31,2.514966e-01, 2, 2, 1, 0, 1, 9, 1, 9.992608e-02, 3.999322e-01, 4.499512e-01
31,3.229718e-01, 1, 2, 0, 0, 0, 9, -1.500000e+00, 9.991068e-02, 3.999204e-01, 4.499392e-01
31,3.341000e-01, 1, 1, 1, 0, 1, 9, 1, 9.991521e-02, 4.002449e-01, 4.502588e-01
31,4.417268e-01, 2, 2, 1, 0, 1, 9, 1, 9.994026e-02, 3.999527e-01, 4.499346e-01
31,3.452243e-01, 1, 2, 0, 0, 0, 9, -1.500000e+00, 9.990948e-02, 3.999189e-01, 4.499292e-01
31,3.236428e-01, 2, 2, 1, 0, 1, 9, 1, 9.990887e-02, 4.002504e-01, 4.502510e-01
31,3.836449e-01, 1, 1, 1, 0, 1, 9, 1, 9.991732e-02, 3.999295e-01, 4.499476e-01
31,3.213657e-01, 1, 1, 1, 0, 1, 9, 1, 9.984880e-02, 3.998507e-01, 4.498661e-01
31,3.566751e-01, 1, 1, 1, 0, 1, 9, 1, 9.991883e-02, 4.002443e-01, 4.502570e-01
31,4.233308e-01, 1, 1, 1, 0, 0, 9, 1, 9.990978e-02, 3.999310e-01, 4.499404e-01
31,3.193953e-01, 1, 1, 1, 0, 1, 9, 1, 9.991400e-02, 3.999238e-01, 4.499389e-01
31,2.434162e-01, 1, 1, 1, 0, 1, 9, 1, 9.991491e-02, 4.002446e-01, 4.502609e-01
31,3.865879e-01, 2, 2, 1, 0, 1, 9, 1, 9.992306e-02, 3.999259e-01, 4.499380e-01
31,3.879697e-01, 2, 2, 1, 0, 0, 9, 1, 9.992034e-02, 3.999416e-01, 4.499594e-01
31,2.687251e-01, 2, 2, 1, 0, 1, 9, 1, 9.990948e-02, 4.002316e-01, 4.502636e-01
31,3.150604e-01, 2, 2, 1, 0, 0, 9, 1, 9.985756e-02, 3.999078e-01, 4.499220e-01
31,4.157451e-01, 1, 1, 1, 0, 0, 9, 1, 9.993151e-02, 3.999256e-01, 4.499443e-01
31,3.513313e-01, 1, 1, 1, 0, 1, 9, 1, 9.993513e-02, 4.002670e-01, 4.502793e-01
31,3.144241e-01, 2, 1, 0, 0, 0, 9, -1.500000e+00, 9.991129e-02, 3.999183e-01, 4.499352e-01
31,3.667013e-01, 1, 1, 1, 0, 0, 9, 1, 9.988714e-02, 3.999017e-01, 4.499201e-01
31,4.483490e-01, 2, 2, 1, 0, 0, 9, 1, 9.991732e-02, 4.002540e-01, 4.502757e-01
31,3.273553e-01, 1, 1, 1, 0, 1, 9, 1, 9.990434e-02, 3.999114e-01, 4.499247e-01
31,3.234862e-01, 2, 1, 0, 0, 0, 9, -1.500000e+00, 9.990223e-02, 3.999174e-01, 4.499352e-01
31,3.990481e-01, 2, 2, 1, 0, 1, 9, 1, 9.989710e-02, 4.002292e-01, 4.502419e-01
31,3.920238e-01, 1, 1, 1, 0, 0, 9, 1, 9.991763e-02, 3.999322e-01, 4.499479e-01
31,3.692057e-01, 1, 1, 1, 0, 0, 9, 1, 9.990102e-02, 3.999111e-01, 4.499295e-01
31,3.154586e-01, 1, 1, 1, 0, 1, 9, 1, 9.991099e-02, 4.002338e-01, 4.502636e-01
31,3.113402e-01, 1, 1, 1, 0, 1, 9, 1, 9.987476e-02, 3.999328e-01, 4.499461e-01
31,3.878864e-01, 2, 2, 1, 0, 0, 9, 1, 9.989801e-02, 3.999207e-01, 4.499211e-01
31,3.569885e-01, 1, 1, 1, 0, 0, 9, 1, 9.991038e-02, 4.002126e-01, 4.502658e-01
31,3.592991e-01, 1, 1, 1, 0, 1, 9, 1, 9.990736e-02, 3.999174e-01, 4.499289e-01
31,3.217771e-01, 1, 1, 1, 0, 1, 9, 1, 9.991340e-02, 3.999241e-01, 4.499401e-01
31,3.573606e-01, 2, 2, 1, 0, 1, 9, 1, 9.991672e-02, 4.002015e-01, 4.502181e-01
31,3.118681e-01, 2, 2, 1, 0, 1, 9, 1, 9.991883e-02, 3.999183e-01, 4.499220e-01
31,4.011272e-01, 2, 2, 1, 1, 0, 10, -1.500000e+00, 9.425800e-02, 3.942626e-01, 4.442783e-01
31,2.903579e-01, 1, 1, 1, 0, 0, 10, 1, 9.987748e-02, 3.999268e-01, 4.499452e-01
31,3.116109e-01, 1, 1, 1, 0, 0, 10, 1, 9.992185e-02, 3.999117e-01, 4.499017e-01
31,3.075873e-01, 1, 2, 0, 0, 0, 10, -1.500000e+00, 9.991461e-02, 4.002458e-01, 4.502570e-01
31,3.601974e-01, 2, 2, 1, 0, 1, 10, 1, 9.991702e-02, 3.999340e-01, 4.499416e-01
31,2.671009e-01, 2, 1, 0, 0, 0, 10, -1.500000e+00, 9.991159e-02, 3.999204e-01, 4.499370e-01
31,3.449961e-01, 1, 1, 1, 0, 1, 10, 1, 9.991099e-02, 4.002380e-01, 4.502555e-01
31,3.715565e-01, 1, 1, 1, 0, 1, 10, 1, 9.992759e-02, 3.999346e-01, 4.499464e-01
31,3.654945e-01, 1, 1, 1, 0, 1, 10, 1, 9.990978e-02, 3.999186e-01, 4.499325e-01
31,3.277389e-01, 1, 1, 1, 0, 1, 10, 1, 9.991642e-02, 4.002446e-01, 4.502633e-01
31,3.316436e-01, 1, 1, 1, 0, 1, 10, 1, 9.991974e-02, 3.999280e-01, 4.499431e-01
31,2.390645e-01, 1, 1, 1, 0, 1, 10, 1, 9.990887e-02, 3.999268e-01, 4.499431e-01
31,3.747153e-01, 2, 2, 1, 1, 1, 10, -1.500000e+00, 9.990948e-02, 3.999195e-01, 4.499352e-01
31,2.718701e-01, 2, 2, 1, 0, 1, 10, 1, 9.991581e-02, 4.002513e-01, 4.503566e-01
31,4.538795e-01, 2, 2, 1, 1, 0, 10, -1.500000e+00, 9.984277e-02, 3.998987e-01, 4.498851e-01
31,3.163034e-01, 1, 1, 1, 0, 1, 10, 1, 9.990223e-02, 3.999026e-01, 4.499171e-01
31,3.203397e-01, 1, 1, 1, 0, 1, 10, 1, 9.990133e-02, 4.002277e-01, 4.502410e-01
31,3.563981e-01, 1, 1, 1, 0, 0, 10, 1, 9.991370e-02, 3.999515e-01, 4.499440e-01
31,3.109647e-01, 2, 2, 1, 0, 1, 10, 1, 9.991491e-02, 3.999286e-01, 4.499425e-01
31,3.313571e-01, 1, 2, 0, 0, 0, 10, -1.500000e+00, 9.991280e-02, 4.002510e-01, 4.502558e-01
31,2.787966e-01, 2, 2, 1, 0, 1, 10, 1, 9.991038e-02, 3.998788e-01, 4.499383e-01
31,3.482612e-01, 1, 1, 1, 0, 1, 10, 1, 9.991159e-02, 3.999210e-01, 4.499370e-01
31,3.027792e-01, 2, 2, 1, 0, 1, 10, 1, 9.991612e-02, 4.002467e-01, 4.502703e-01
31,3.485509e-01, 2, 2, 1, 0, 1, 10, 1, 9.992095e-02, 3.999398e-01, 4.499443e-01
31,3.110522e-01, 1, 1, 1, 0, 1, 10, 1, 9.989952e-02, 3.999078e-01, 4.499307e-01
31,2.996080e-01, 2, 1, 0, 0, 0, 10, -1.500000e+00, 9.991642e-02, 3.999271e-01, 4.499425e-01
31,3.922125e-01, 1, 1, 1, 1, 1, 10, -1.500000e+00, 9.991370e-02, 4.002470e-01, 4.502558e-01
31,4.411907e-01, 1, 1, 1, 1, 0, 10, -1.500000e+00, 9.990344e-02, 3.999075e-01, 4.499192e-01
31,2.961863e-01, 1, 1, 1, 0, 0, 10, 1, 9.990314e-02, 4.001909e-01, 4.502066e-01
31,2.691372e-01, 1, 1, 1, 0, 1, 10, 1, 9.991823e-02, 3.999518e-01, 4.499521e-01
31,3.951814e-01, 2, 2, 1, 1, 1, 10, -1.500000e+00, 9.992004e-02, 3.999225e-01, 4.499310e-01
31,2.843475e-01, 2, 2, 1, 0, 1, 10, 1, 9.991431e-02, 3.999228e-01, 4.499374e-01
31,3.456049e-01, 2, 2, 1, 0, 0, 10, 1, 9.991129e-02, 4.002485e-01, 4.502558e-01
31,4.605316e-01, 2, 2, 1, 1, 0, 10, -1.500000e+00, 9.999339e-02, 3.999313e-01, 4.499434e-01
31,3.311751e-01, 1, 1, 1, 0, 1, 10, 1, 9.991370e-02, 3.999241e-01, 4.499398e-01
31,2.943842e-01, 1, 1, 1, 0, 1, 10, 1, 9.989378e-02, 4.002072e-01, 4.502157e-01
31,3.955361e-01, 2, 2, 1, 1, 0, 10, -1.500000e+00, 9.991521e-02, 3.999238e-01, 4.499374e-01
31,3.883440e-01, 2, 2, 1, 1, 1, 10, -1.500000e+00, 9.991249e-02, 3.999216e-01, 4.499283e-01
31,3.414720e-01, 2, 2, 1, 0, 1, 10, 1, 9.993030e-02, 4.002461e-01, 4.502775e-01
31,3.845767e-01, 2, 2, 1, 1, 0, 10, -1.500000e+00, 9.992004e-02, 3.999259e-01, 4.499395e-01
31,2.743999e-01, 2, 2, 1, 0, 1, 10, 1, 9.990887e-02, 3.999192e-01, 4.499322e-01
31,4.159225e-01, 2, 2, 1, 1, 1, 10, -1.500000e+00, 9.991521e-02, 4.002434e-01, 4.502555e-01
31,3.119070e-01, 1, 1, 1, 0, 1, 10, 1, 9.988442e-02, 3.999105e-01, 4.499521e-01
31,4.044744e-01, 2, 2, 1, 1, 0, 10, -1.500000e+00, 9.991461e-02, 3.999231e-01, 4.499370e-01
31,3.726507e-01, 2, 2, 1, 0, 0, 10, 1, 9.992457e-02, 4.002585e-01, 4.502609e-01
31,3.582876e-01, 1, 1, 1, 0, 0, 10, 1, 9.992427e-02, 3.999268e-01, 4.499464e-01
31,3.051665e-01, 2, 2, 1, 0, 0, 10, 1, 9.991431e-02, 3.999238e-01, 4.499374e-01
31,3.413238e-01, 2, 2, 1, 0, 1, 10, 1, 9.988804e-02, 4.002075e-01, 4.502238e-01
31,2.405435e-01, 2, 2, 1, 0, 1, 10, 1, 9.991944e-02, 3.999271e-01, 4.499386e-01
31,3.519238e-01, 1, 1, 1, 0, 1, 10, 1, 9.991521e-02, 3.999256e-01, 4.499313e-01
31,3.706769e-01, 1, 1, 1, 0, 0, 10, 1, 9.991642e-02, 4.002567e-01, 4.502543e-01
31,2.923223e-01, 1, 1, 1, 0, 0, 10, 1, 9.990857e-02, 3.998770e-01, 4.499398e-01
31,3.460984e-01, 1, 1, 1, 0, 0, 10, 1, 9.991189e-02, 3.999213e-01, 4.499352e-01
31,2.686702e-01, 1, 1, 1, 0, 0, 10, 1, 9.991612e-02, 4.002479e-01, 4.502646e-01
31,3.386996e-01, 1, 1, 1, 0, 0, 10, 1, 9.991491e-02, 3.999244e-01, 4.499500e-01
31,3.982838e-01, 2, 2, 1, 1, 0, 10, -1.500000e+00, 9.987295e-02, 3.999228e-01, 4.499268e-01
31,2.871309e-01, 1, 1, 1, 0, 1, 10, 1, 9.990616e-02, 3.999168e-01, 4.499334e-01
31,2.836949e-01, 1, 1, 1, 0, 1, 10, 1, 9.990012e-02, 4.002184e-01, 4.502323e-01
31,2.895278e-01, 1, 1, 1, 0, 1, 10, 1, 9.992366e-02, 3.999328e-01, 4.499422e-01
31,3.665582e-01, 1, 1, 1, 0, 0, 10, 1, 9.993906e-02, 3.999373e-01, 4.499413e-01
31,3.688643e-01, 2, 2, 1, 0, 0, 10, 1, 9.991521e-02, 4.002470e-01, 4.502615e-01
31,3.306852e-01, 1, 2, 0, 0, 0, 10, -1.500000e+00, 9.989378e-02, 3.999002e-01, 4.499105e-01
31,2.544626e-01, 2, 2, 1, 0, 1, 10, 1, 9.991340e-02, 3.999111e-01, 4.499461e-01
31,2.277164e+00, 1, 1, 1, 1, 0, 10, -1.500000e+00, 9.991370e-02, 3.999216e-01, 4.499392e-01
31,3.384750e-01, 2, 2, 1, 0, 1, 10, 1, 9.989891e-02, 3.999198e-01, 4.499358e-01
31,2.933788e-01, 2, 2, 1, 0, 1, 10, 1, 9.991823e-02, 3.999235e-01, 4.499422e-01
31,3.469095e-01, 1, 1, 1, 0, 1, 10, 1, 9.991974e-02, 3.999231e-01, 4.499386e-01
31,3.576251e-01, 2, 2, 1, 0, 0, 10, 1, 9.991793e-02, 4.002446e-01, 4.502688e-01
31,4.641830e-01, 1, 1, 1, 1, 0, 10, -1.500000e+00, 9.991551e-02, 3.999210e-01, 4.499449e-01
31,3.267159e-01, 2, 2, 1, 0, 0, 10, 1, 9.991461e-02, 3.999265e-01, 4.499367e-01
31,3.698649e-01, 1, 1, 1, 0, 0, 10, 1, 9.990797e-02, 4.002368e-01, 4.502501e-01
31,3.800906e-01, 2, 2, 1, 1, 0, 10, -1.500000e+00, 9.989891e-02, 3.999081e-01, 4.499217e-01
31,3.577099e-01, 2, 2, 1, 0, 0, 10, 1, 9.990163e-02, 3.999132e-01, 4.499395e-01
31,3.596003e-01, 1, 1, 1, 0, 0, 10, 1, 9.991823e-02, 4.002383e-01, 4.502543e-01
31,2.743069e-01, 2, 2, 1, 0, 1, 10, 1, 9.992366e-02, 3.999283e-01, 4.499470e-01
31,3.923782e-01, 1, 1, 1, 1, 0, 10, -1.500000e+00, 9.989287e-02, 3.999029e-01, 4.499192e-01
31,1.932354e-01, 2, 1, 0, 0, 0, 10, -1.500000e+00, 9.991461e-02, 4.002721e-01, 4.502809e-01
31,2.505027e-01, 2, 2, 1, 0, 0, 10, 1, 9.992306e-02, 3.999298e-01, 4.499407e-01
31,3.054774e-01, 2, 2, 1, 0, 0, 10, 1, 9.990646e-02, 3.999168e-01, 4.499304e-01
31,2.781216e-01, 2, 2, 1, 0, 1, 10, 1, 9.988955e-02, 3.998993e-01, 4.499126e-01
31,4.015142e-01, 1, 1, 1, 0, 0, 11, 1, 9.975584e-02, 3.997659e-01, 4.497882e-01
31,2.584533e-01, 2, 2, 1, 0, 1, 11, 1, 1.002355e-01, 4.001987e-01, 4.502516e-01
31,3.527593e-01, 1, 2, 0, 0, 0, 11, -1.500000e+00, 9.996079e-02, 3.999968e-01, 4.499914e-01
31,3.079601e-01, 1, 1, 1, 0, 1, 11, 1, 9.988533e-02, 3.998948e-01, 4.499060e-01
31,2.480390e-01, 2, 2, 1, 0, 1, 11, 1, 9.991129e-02, 4.002476e-01, 4.502534e-01
31,3.428131e-01, 2, 1, 0, 0, 0, 11, -1.500000e+00, 9.992487e-02, 3.999310e-01, 4.499476e-01
31,4.187351e-01, 1, 1, 1, 0, 0, 11, 1, 9.990797e-02, 3.999189e-01, 4.499346e-01
31,3.624935e-01, 1, 1, 1, 0, 1, 11, 1, 9.990706e-02, 4.002431e-01, 4.502579e-01
31,3.167405e-01, 1, 1, 1, 0, 0, 11, 1, 9.992819e-02, 3.999391e-01, 4.499497e-01
31,3.770733e-01, 2, 2, 1, 0, 0, 11, 1, 9.991159e-02, 3.999204e-01, 4.499355e-01
31,3.304033e-01, 1, 1, 1, 0, 0, 11, 1, 9.989710e-02, 4.002208e-01, 4.502398e-01
31,3.500961e-01, 1, 2, 0, 0, 0, 11, -1.500000e+00, 9.991612e-02, 3.999298e-01, 4.499437e-01
31,3.694252e-01, 2, 2, 1, 0, 1, 11, 1, 9.991823e-02, 3.999289e-01, 4.499464e-01
31,3.073048e-01, 2, 2, 1, 0, 1, 11, 1, 9.991340e-02, 4.002316e-01, 4.502464e-01
31,3.034798e-01, 1, 1, 1, 0, 0, 11, 1, 9.991370e-02, 3.999298e-01, 4.499307e-01
31,3.558912e-01, 2, 2, 1, 0, 0, 11, 1, 9.991974e-02, 3.999277e-01, 4.499392e-01
31,2.706600e-01, 1, 2, 0, 0, 0, 11, -1.500000e+00, 9.990404e-02, 3.999126e-01, 4.499268e-01
31,3.565396e-01, 1, 1, 1, 0, 0, 11, 1, 9.990344e-02, 4.002310e-01, 4.502443e-01
31,3.512842e-01, 1, 1, 1, 0, 1, 11, 1, 9.992547e-02, 3.999310e-01, 4.499473e-01
31,3.062061e-01, 2, 2, 1, 0, 1, 11, 1, 9.993876e-02, 3.999328e-01, 4.499612e-01
31,3.662313e-01, 2, 2, 1, 0, 1, 11, 1, 9.991461e-02, 4.002389e-01, 4.502627e-01
31,3.442342e-01, 1, 1, 1, 0, 0, 11, 1, 9.991702e-02, 3.999174e-01, 4.499217e-01
31,3.720914e-01, 1, 1, 1, 0, 1, 11, 1, 9.988774e-02, 3.998978e-01, 4.499162e-01
31,3.811259e-01, 2, 2, 1, 0, 0, 11, 1, 9.990736e-02, 4.002579e-01, 4.502428e-01
31,3.667242e-01, 1, 1, 1, 0, 1, 11, 1, 9.992366e-02, 3.999280e-01, 4.499440e-01
31,3.376902e-01, 2, 1, 0, 0, 0, 11, -1.500000e+00, 9.990978e-02, 3.999090e-01, 4.499232e-01
31,1.331894e+00, 1, 1, 1, 1, 0, 11, -1.500000e+00, 9.988140e-02, 4.002096e-01, 4.502256e-01
31,3.439423e-01, 1, 1, 1, 0, 1, 11, 1, 9.992185e-02, 3.999268e-01, 4.499449e-01
31,2.672404e-01, 2, 1, 0, 0, 0, 11, -1.500000e+00, 9.992487e-02, 3.999150e-01, 4.499316e-01
31,4.249677e-01, 2, 2, 1, 0, 1, 11, 1, 9.991400e-02, 4.002449e-01, 4.502594e-01
31,4.007523e-01, 1, 1, 1, 0, 0, 11, 1, 9.991974e-02, 3.999250e-01, 4.499425e-01
31,3.377503e-01, 2, 2, 1, 0, 0, 11, 1, 9.990857e-02, 3.999144e-01, 4.499443e-01
31,3.249444e-01, 1, 1, 1, 0, 1, 11, 1, 9.991400e-02, 4.002627e-01, 4.502540e-01
31,3.928820e-01, 2, 2, 1, 0, 0, 11, 1, 9.990736e-02, 3.998812e-01, 4.499352e-01
31,3.378052e-01, 2, 2, 1, 0, 0, 11, 1, 9.992487e-02, 3.999235e-01, 4.499377e-01
31,3.807978e-01, 1, 1, 1, 0, 1, 11, 1, 9.991310e-02, 4.002455e-01, 4.502649e-01
31,3.743389e-01, 1, 1, 1, 0, 1, 11, 1, 9.992366e-02, 3.999295e-01, 4.499428e-01
31,3.285294e-01, 1, 1, 1, 0, 1, 11, 1, 9.991099e-02, 3.999238e-01, 4.499416e-01
31,3.560316e-01, 1, 1, 1, 0, 1, 11, 1, 9.991008e-02, 4.002401e-01, 4.502570e-01
31,4.225125e-01, 2, 1, 0, 0, 0, 11, -1.500000e+00, 9.992064e-02, 3.999228e-01, 4.499262e-01
31,3.581992e-01, 2, 2, 1, 0, 1, 11, 1, 9.991461e-02, 3.999256e-01, 4.499410e-01
31,3.367653e-01, 2, 2, 1, 0, 1, 11, 1, 9.990133e-02, 4.002362e-01, 4.502467e-01
31,3.718276e-01, 1, 1, 1, 0, 1, 11, 1, 9.996411e-02, 3.999751e-01, 4.499844e-01
31,3.258527e-01, 1, 1, 1, 0, 1, 11, 1, 9.991310e-02, 3.999253e-01, 4.499377e-01
31,3.374378e-01, 2, 2, 1, 0, 1, 11, 1, 9.990434e-02, 4.002244e-01, 4.502368e-01
31,3.164242e-01, 1, 1, 1, 0, 1, 11, 1, 9.992547e-02, 3.999295e-01, 4.499458e-01
31,3.369999e-01, 2, 2, 1, 0, 1, 11, 1, 9.991038e-02, 3.999204e-01, 4.499380e-01
31,2.917090e-01, 1, 2, 0, 0, 0, 11, -1.500000e+00, 9.991521e-02, 4.002434e-01, 4.502700e-01
31,2.811513e-01, 2, 2, 1, 0, 1, 11, 1, 9.991068e-02, 3.999304e-01, 4.499292e-01
31,3.587404e-01, 2, 2, 1, 0, 0, 11, 1, 9.992004e-02, 3.999286e-01, 4.499446e-01
31,2.891122e-01, 2, 2, 1, 0, 0, 11, 1, 9.991038e-02, 3.999364e-01, 4.499582e-01
31,3.981202e-01, 1, 1, 1, 0, 1, 11, 1, 9.989801e-02, 4.002715e-01, 4.502700e-01
31,4.159250e-01, 2, 2, 1, 0, 0, 11, 1, 9.991732e-02, 3.999316e-01, 4.499461e-01
31,3.758068e-01, 2, 2, 1, 0, 0, 11, 1, 9.991340e-02, 3.999241e-01, 4.499443e-01
31,3.128853e-01, 2, 2, 1, 0, 1, 11, 1, 1.002334e-01, 4.002476e-01, 4.502486e-01
31,4.528399e-01, 1, 1, 1, 0, 0, 11, 1, 9.992306e-02, 3.999298e-01, 4.499458e-01
31,3.483173e-01, 1, 2, 0, 0, 0, 11, -1.500000e+00, 9.991521e-02, 4.002452e-01, 4.502585e-01
31,4.627145e-01, 1, 1, 1, 0, 0, 11, 1, 9.991672e-02, 3.999334e-01, 4.499524e-01
31,3.809533e-01, 1, 1, 1, 0, 1, 11, 1, 9.990887e-02, 3.999213e-01, 4.499370e-01
31,5.023078e-01, 2, 2, 1, 1, 0, 11, -1.500000e+00, 9.990676e-02, 4.002347e-01, 4.502555e-01
31,4.590450e-01, 2, 2, 1, 0, 0, 11, 1, 9.990706e-02, 3.999250e-01, 4.499374e-01
31,4.172703e-01, 2, 1, 0, 0, 0, 11, -1.500000e+00, 9.991280e-02, 4.002395e-01, 4.502661e-01
31,2.736286e-01, 2, 2, 1, 0, 1, 11, 1, 9.991883e-02, 3.999322e-01, 4.499449e-01
31,3.355652e-01, 2, 2, 1, 0, 1, 11, 1, 9.991038e-02, 3.999292e-01, 4.499352e-01
31,4.189329e-01, 1, 1, 1, 0, 0, 11, 1, 9.991551e-02, 4.002431e-01, 4.502615e-01
31,3.073292e-01, 1, 1, 1, 0, 0, 11, 1, 9.993091e-02, 3.999156e-01, 4.499114e-01
31,4.401201e-01, 1, 1, 1, 0, 1, 11, 1, 9.991400e-02, 3.999419e-01, 4.499383e-01
31,4.468368e-01, 2, 2, 1, 0, 1, 11, 1, 9.991551e-02, 4.002461e-01, 4.502600e-01
31,3.257630e-01, 2, 2, 1, 0, 1, 11, 1, 9.991551e-02, 3.998776e-01, 4.499440e-01
31,4.976690e-01, 1, 1, 1, 1, 0, 11, -1.500000e+00, 9.991370e-02, 3.999231e-01, 4.499407e-01
31,2.783640e-01, 2, 2, 1, 0, 0, 11, 1, 1.002101e-01, 4.002319e-01, 4.502407e-01
31,3.638805e-01, 1, 1, 1, 0, 1, 11, 1, 9.992246e-02, 3.999322e-01, 4.499437e-01
31,3.104500e-01, 2, 2, 1, 0, 1, 11, 1, 9.995053e-02, 3.999262e-01, 4.499404e-01
31,3.862504e-01, 1, 1, 1, 0, 0, 11, 1, 9.990978e-02, 4.002667e-01, 4.502570e-01
31,3.878227e-01, 1, 1, 1, 0, 1, 11, 1, 9.991159e-02, 3.999225e-01, 4.499383e-01
31,3.572272e-01, 1, 1, 1, 0, 1, 11, 1, 9.993906e-02, 3.999355e-01, 4.499684e-01
31,4.070268e-01, 2, 2, 1, 0, 0, 11, 1, 9.990917e-02, 4.002344e-01, 4.502440e-01
31,3.760030e-01, 2, 2, 1, 0, 0, 11, 1, 9.991914e-02, 3.999277e-01, 4.499458e-01
31,5.377177e-01, 2, 2, 1, 1, 1, 11, -1.500000e+00, 9.991340e-02, 4.002159e-01, 4.502304e-01
31,2.924838e-01, 2, 2, 1, 0, 1, 11, 1, 9.992396e-02, 3.999289e-01, 4.499437e-01
31,2.836503e-01, 2, 2, 1, 0, 1, 12, 1, 9.828282e-02, 3.982512e-01, 4.483083e-01
31,2.813097e-01, 1, 1, 1, 0, 0, 12, 1, 9.990978e-02, 3.999180e-01, 4.499328e-01
31,1.702492e+00, 2, 1, 0, 1, 0, 12, -1.500000e+00, 9.992638e-02, 4.002289e-01, 4.502537e-01
31,2.754853e-01, 1, 1, 1, 0, 1, 12, 1, 9.991370e-02, 3.999446e-01, 4.499404e-01
31,2.893585e-01, 1, 1, 1, 0, 1, 12, 1, 9.991732e-02, 3.999265e-01, 4.499431e-01
31,3.745173e-01, 2, 2, 1, 0, 0, 12, 1, 9.993876e-02, 4.002615e-01, 4.502851e-01
31,3.121932e-01, 2, 2, 1, 0, 1, 12, 1, 9.991400e-02, 3.999274e-01, 4.499398e-01
31,3.165422e-01, 1, 1, 1, 0, 1, 12, 1, 9.989197e-02, 3.999032e-01, 4.499201e-01
31,2.883241e-01, 2, 1, 0, 0, 0, 12, -1.500000e+00, 9.991219e-02, 4.002673e-01, 4.502854e-01
31,3.977559e-01, 2, 2, 1, 0, 0, 12, 1, 9.992276e-02, 3.999256e-01, 4.499407e-01
31,3.506367e-01, 2, 1, 0, 0, 0, 12, -1.500000e+00, 9.990223e-02, 3.999123e-01, 4.499256e-01
31,5.215173e-01, 1, 1, 1, 1, 0, 12, -1.500000e+00, 9.991612e-02, 4.002419e-01, 4.502606e-01
31,4.292962e-01, 1, 1, 1, 0, 0, 12, 1, 9.992366e-02, 3.999078e-01, 4.499377e-01
31,2.765390e-01, 1, 1, 1, 0, 1, 12, 1, 9.993543e-02, 4.002413e-01, 4.502730e-01
31,2.824051e-01, 1, 1, 1, 0, 1, 12, 1, 9.991431e-02, 3.999262e-01, 4.499334e-01
31,3.599734e-01, 2, 1, 0, 0, 0, 12, -1.500000e+00, 9.990646e-02, 3.999102e-01, 4.499253e-01
31,3.947782e-01, 1, 1, 1, 0, 0, 12, 1, 9.989589e-02, 3.999174e-01, 4.499386e-01
31,3.792509e-01, 1, 1, 1, 0, 0, 12, 1, 9.991763e-02, 4.002609e-01, 4.502624e-01
31,3.252161e-01, 1, 1, 1, 0, 0, 12, 1, 9.991823e-02, 3.999147e-01, 4.499238e-01
31,3.932714e-01, 2, 2, 1, 0, 1, 12, 1, 9.991219e-02, 3.999235e-01, 4.499322e-01
31,4.179603e-01, 1, 1, 1, 0, 0, 12, 1, 9.991974e-02, 4.002422e-01, 4.502643e-01
31,3.299321e-01, 1, 1, 1, 0, 1, 12, 1, 9.992879e-02, 3.999093e-01, 4.499211e-01
31,3.341740e-01, 2, 1, 0, 0, 0, 12, -1.500000e+00, 9.991793e-02, 3.999265e-01, 4.499422e-01
31,2.008048e-01, 1, 1, 1, 0, 0, 12, 1, 9.989650e-02, 4.002208e-01, 4.502404e-01
31,2.896039e-01, 1, 1, 1, 0, 1, 12, 1, 9.991521e-02, 3.999292e-01, 4.499512e-01
31,2.392721e-01, 1, 2, 0, 0, 1, 12, -1.500000e+00, 9.991068e-02, 3.999198e-01, 4.499389e-01
31,2.862911e-01, 1, 2, 0, 0, 0, 12, -1.500000e+00, 9.990857e-02, 3.999177e-01, 4.499316e-01
31,2.996587e-01, 1, 1, 1, 0, 1, 12, 1, 9.990978e-02, 4.001945e-01, 4.502528e-01
31,2.723536e-01, 2, 2, 1, 0, 1, 12, 1, 9.991461e-02, 3.999760e-01, 4.499859e-01
31,4.547397e-01, 1, 1, 1, 1, 0, 12, -1.500000e+00, 9.991793e-02, 3.999343e-01, 4.499337e-01
31,3.729486e-01, 1, 2, 0, 0, 0, 12, -1.500000e+00, 9.991280e-02, 4.002449e-01, 4.502636e-01
31,3.425321e-01, 2, 2, 1, 0, 1, 12, 1, 9.990616e-02, 3.999102e-01, 4.499259e-01
31,2.664737e-01, 2, 1, 0, 0, 0, 12, -1.500000e+00, 9.991189e-02, 3.999222e-01, 4.499380e-01
31,3.200032e-01, 2, 2, 1, 0, 1, 12, 1, 9.989921e-02, 4.002461e-01, 4.502715e-01
31,2.684840e-01, 2, 2, 1, 0, 1, 12, 1, 9.990525e-02, 3.999156e-01, 4.499322e-01
31,2.582363e-01, 2, 2, 1, 0, 1, 12, 1, 9.990163e-02, 3.999075e-01, 4.499217e-01
31,3.527943e-01, 2, 2, 1, 0, 1, 12, 1, 9.991702e-02, 3.999286e-01, 4.499446e-01
31,3.230877e-01, 2, 2, 1, 0, 1, 12, 1, 9.991400e-02, 4.002398e-01, 4.502585e-01
31,3.032030e-01, 1, 1, 1, 0, 1, 12, 1, 9.991189e-02, 3.999253e-01, 4.499392e-01
31,4.603136e-01, 2, 2, 1, 1, 1, 12, -1.500000e+00, 9.989499e-02, 3.999053e-01, 4.499174e-01
31,2.981993e-01, 1, 2, 0, 0, 0, 12, -1.500000e+00, 9.991521e-02, 4.002685e-01, 4.502606e-01
31,4.709969e-01, 2, 2, 1, 1, 0, 12, -1.500000e+00, 9.998283e-02, 3.999319e-01, 4.499446e-01
31,3.010249e-01, 1, 1, 1, 0, 1, 12, 1, 9.990827e-02, 3.999174e-01, 4.499298e-01
31,4.097646e-01, 2, 1, 0, 0, 0, 12, -1.500000e+00, 9.990102e-02, 4.002325e-01, 4.502467e-01
31,3.381710e-01, 2, 2, 1, 0, 1, 12, 1, 9.991763e-02, 3.999301e-01, 4.499437e-01
31,3.014535e-01, 2, 2, 1, 0, 1, 12, 1, 9.991461e-02, 3.999247e-01, 4.499413e-01
31,2.739966e-01, 2, 2, 1, 0, 1, 12, 1, 9.991008e-02, 4.002407e-01, 4.502564e-01
31,2.638763e-01, 2, 2, 1, 0, 0, 12, 1, 9.996049e-02, 3.999739e-01, 4.499974e-01
31,2.943344e-01, 2, 1, 0, 0, 0, 12, -1.500000e+00, 9.990917e-02, 3.999180e-01, 4.499328e-01
31,2.594421e-01, 1, 2, 0, 0, 0, 12, -1.500000e+00, 9.991431e-02, 3.999222e-01, 4.499404e-01
31,2.022696e-01, 1, 2, 0, 0, 0, 12, -1.500000e+00, 9.991099e-02, 4.002516e-01, 4.502501e-01
31,3.306221e-01, 1, 1, 1, 0, 1, 12, 1, 9.989016e-02, 3.999367e-01, 4.499540e-01
31,2.780281e-01, 1, 1, 1, 0, 1, 12, 1, 9.991280e-02, 3.999198e-01, 4.499352e-01
31,3.478229e-01, 2, 2, 1, 0, 1, 12, 1, 9.991461e-02, 3.999250e-01, 4.499398e-01
31,3.263063e-01, 1, 1, 1, 0, 1, 12, 1, 9.991159e-02, 4.002434e-01, 4.502522e-01
31,4.902644e-01, 2, 2, 1, 1, 0, 12, -1.500000e+00, 9.991732e-02, 3.999247e-01, 4.499428e-01
31,3.116453e-01, 1, 1, 1, 0, 1, 12, 1, 9.990887e-02, 3.999186e-01, 4.499352e-01
31,4.114978e-01, 2, 2, 1, 0, 0, 12, 1, 9.991431e-02, 4.002389e-01, 4.502570e-01
31,2.917014e-01, 2, 2, 1, 0, 1, 12, 1, 9.992578e-02, 3.999153e-01, 4.499271e-01
31,2.893401e-01, 2, 2, 1, 0, 1, 12, 1, 9.989740e-02, 3.999062e-01, 4.499232e-01
31,2.539986e-01, 2, 1, 0, 0, 0, 12, -1.500000e+00, 9.991461e-02, 4.002413e-01, 4.502836e-01
31,2.688652e-01, 1, 1, 1, 0, 1, 12, 1, 9.993091e-02, 3.999413e-01, 4.499500e-01
31,5.551334e-01, 2, 2, 1, 1, 0, 12, -1.500000e+00, 9.991642e-02, 3.999247e-01, 4.499374e-01
31,3.252263e-01, 2, 2, 1, 0, 0, 12, 1, 9.991159e-02, 4.002341e-01, 4.502495e-01
31,4.490004e-01, 2, 2, 1, 1, 0, 12, -1.500000e+00, 9.991219e-02, 3.999259e-01, 4.499404e-01
31,2.884529e-01, 2, 2, 1, 0, 0, 12, 1, 9.990767e-02, 3.999171e-01, 4.499340e-01
31,3.012304e-01, 1, 1, 1, 0, 1, 12, 1, 9.988986e-02, 4.002111e-01, 4.501858e-01
31,2.659264e-01, 2, 2, 1, 0, 1, 12, 1, 9.991491e-02, 3.999256e-01, 4.499476e-01
31,2.242758e-01, 2, 2, 1, 0, 0, 12, 1, 9.991461e-02, 3.999319e-01, 4.499313e-01
31,2.484591e-01, 2, 2, 1, 0, 0, 12, 1, 9.989982e-02, 3.999056e-01, 4.499355e-01
31,2.470577e-01, 2, 2, 1, 0, 0, 12, 1, 9.990616e-02, 4.002555e-01, 4.502304e-01
31,3.017085e-01, 2, 2, 1, 0, 0, 12, 1, 9.991702e-02, 3.999268e-01, 4.499425e-01
31,2.750817e-01, 1, 1, 1, 0, 1, 12, 1, 9.991612e-02, 3.999235e-01, 4.499428e-01
31,2.565607e-01, 1, 1, 1, 0, 1, 12, 1, 9.991400e-02, 3.999241e-01, 4.499364e-01
31,3.586707e-01, 2, 1, 0, 0, 0, 12, -1.500000e+00, 9.991068e-02, 4.002404e-01, 4.502594e-01
31,2.333405e-01, 2, 1, 0, 0, 1, 12, -1.500000e+00, 9.991491e-02, 3.999289e-01, 4.498987e-01
31,3.530412e-01, 2, 2, 1, 0, 0, 12, 1, 9.991491e-02, 3.999225e-01, 4.499367e-01
31,2.998718e-01, 2, 1, 0, 0, 0, 12, -1.500000e+00, 9.991219e-02, 3.999213e-01, 4.502748e-01
31,1.364320e-01, 2, 1, 0, 0, 1, 12, -1.500000e+00, 9.990042e-02, 3.999075e-01, 4.499198e-01
31,3.800076e-01, 2, 2, 1, 0, 1, 12, 1, 9.991612e-02, 3.999286e-01, 4.499413e-01
